Source File	Size	loadResources	load	generateSnapshots	load-configure	scan	loadDepInfo	loadInfo	checkR4R4B	generateNarratives	validate	loadLists	checkConformanceResources	checkConformanceResources2	checkConformanceResources3	generateLogicalMaps	validateExpressions	scanForUsageStats	checkURLsUnique	processProvenanceDetails	generate1	generate2	generateLogicals	makeDependencies	generateExampleZip	generateValidationPack	scanProfilesForR5	scanExamplesForR5
/fsh-generated/resources/ImplementationGuide-ans.document.fr.core.json	285920	-	0	0	0	0	0	0	31	72	0	0	0	0	0	0	0	5	0	0	552	954	0	0	0	29	0	4
fsh-generated/resources/AllergyIntolerance-example-allergy-intolerance-data-absent-reason.json	1492	12	0	0	1	0	0	0	1	864	0	0	0	0	0	0	0	0	0	0	10	16	0	0	0	0	0	0
fsh-generated/resources/ConceptMap-FRActSubstitutionLMCDAFHIR.json	2361	14	0	0	0	0	0	0	0	721	0	0	0	0	0	0	0	0	0	0	12	2886	0	0	0	1	0	0
fsh-generated/resources/ConceptMap-FRAdvanceDirectiveLMCDAFHIR.json	7671	10	0	0	0	0	0	0	0	2171	0	0	0	0	0	0	0	0	0	0	28	2117	0	0	0	1	0	0
fsh-generated/resources/ConceptMap-FRAdverseEventLMCDAFHIR.json	6891	14	0	0	0	0	0	0	1	2165	0	0	0	0	0	0	0	0	0	0	26	2086	0	0	0	0	0	0
fsh-generated/resources/ConceptMap-FRAllergyIntoleranceLMCDAFHIR.json	6696	11	0	0	0	0	0	0	0	3807	0	0	0	0	0	0	0	0	0	0	25	3695	0	0	0	1	0	0
fsh-generated/resources/ConceptMap-FRAllowedSubstitutionLMCDAFHIR.json	2647	9	0	0	0	0	0	0	0	606	0	0	0	0	0	0	0	0	0	0	12	543	0	0	0	0	0	0
fsh-generated/resources/ConceptMap-FRCarePlanLMCDAFHIR.json	5226	9	0	0	1	0	0	0	0	1470	0	0	0	0	0	0	0	0	0	0	20	1387	0	0	0	0	0	1
fsh-generated/resources/ConceptMap-FRCertitudeLMCDAFHIR.json	3213	10	0	0	0	0	0	0	1	1465	0	0	0	0	0	0	0	0	0	0	15	1436	0	0	0	1	0	0
fsh-generated/resources/ConceptMap-FRConditionLMCDAFHIR.json	8520	9	0	0	0	0	0	0	0	2917	0	0	0	0	0	0	0	0	0	0	29	2903	0	0	0	0	0	0
fsh-generated/resources/ConceptMap-FRCriticiteLMCDAFHIR.json	2669	9	0	0	0	0	0	0	0	1446	0	0	0	0	0	0	0	0	0	0	12	1418	0	0	0	0	0	0
fsh-generated/resources/ConceptMap-FRDeviceRequestLMCDAFHIR.json	7653	10	0	0	0	0	0	0	1	2397	0	0	0	0	0	0	0	1	0	0	27	2230	0	0	0	1	0	0
fsh-generated/resources/ConceptMap-FRDeviceUseStatementLMCDAFHIR.json	5476	9	0	0	0	0	0	0	0	1426	0	0	0	0	0	0	0	0	0	0	20	1400	0	0	0	0	0	0
fsh-generated/resources/ConceptMap-FRDiagnosticReportLMCDAFHIR.json	4677	10	0	0	1	0	0	0	0	29	0	0	0	0	0	0	0	0	0	0	18	31	0	0	0	1	0	0
fsh-generated/resources/ConceptMap-FRDocumentReferenceLMCDAFHIR.json	5388	9	0	0	0	0	0	0	1	1623	0	0	0	0	0	0	0	0	0	0	14	1562	0	0	0	0	0	0
fsh-generated/resources/ConceptMap-FREncounterLMCDAFHIR.json	6109	10	0	0	0	0	0	0	0	1989	0	0	0	0	0	0	0	0	0	0	17	1952	0	0	0	1	0	0
fsh-generated/resources/ConceptMap-FRFamilyMemberHistoriesLMCDAFHIR.json	5329	9	0	0	0	0	0	0	0	961	0	0	0	0	0	0	0	0	0	0	20	901	0	0	0	0	0	0
fsh-generated/resources/ConceptMap-FRFamilyMemberHistoryLMCDAFHIR.json	6727	10	0	0	0	0	0	0	1	2003	0	0	0	0	0	0	0	0	0	0	18	1918	0	0	0	1	0	0
fsh-generated/resources/ConceptMap-FRImagingMedicationAministrationLMCDAFHIR.json	6756	9	0	0	0	0	0	0	0	2149	0	0	0	0	0	0	0	0	0	0	18	2091	0	0	0	0	0	0
fsh-generated/resources/ConceptMap-FRImagingProcedureLMCDAFHIR.json	5408	10	0	0	0	0	0	0	0	25	0	0	0	0	0	0	0	0	0	0	15	26	0	0	0	1	0	0
fsh-generated/resources/ConceptMap-FRImagingQuantityLMCDAFHIR.json	4324	9	0	0	0	0	0	0	1	1101	0	0	0	0	0	0	0	0	0	0	13	1068	0	0	0	0	0	0
fsh-generated/resources/ConceptMap-FRImagingRadiationExposureAuthorizationLMCDAFHIR.json	2622	9	0	0	0	0	0	0	0	599	0	0	0	0	0	0	0	0	0	0	10	549	0	0	0	0	0	0
fsh-generated/resources/ConceptMap-FRImagingSeriesLMCDAFHIR.json	6291	10	0	0	0	0	0	0	0	1818	0	0	0	0	0	0	0	0	0	0	17	1700	0	0	0	1	0	0
fsh-generated/resources/ConceptMap-FRImagingStudyLMCDAFHIR.json	4622	9	0	0	1	0	0	0	1	1320	0	0	0	0	0	0	0	0	0	0	14	1241	0	0	0	0	0	0
fsh-generated/resources/ConceptMap-FRImmunizationLMCDAFHIR.json	8134	11	0	0	0	0	0	0	0	2682	0	0	0	0	0	0	0	0	0	0	20	2566	0	0	0	1	0	0
fsh-generated/resources/ConceptMap-FRImmunizationRecommendationLMCDAFHIR.json	7895	10	0	0	0	0	0	0	1	2294	0	0	0	0	0	0	0	0	0	0	21	2247	0	0	0	0	0	0
fsh-generated/resources/ConceptMap-FRLaboratoryBatteryResultsLMCDAFHIR.json	9671	9	0	0	0	0	0	0	0	34	0	0	0	0	0	0	0	0	0	0	25	27	0	0	0	1	0	0
fsh-generated/resources/ConceptMap-FRLaboratoryIsolateResultsLMCDAFHIR.json	11690	11	0	0	0	0	0	0	1	28	0	0	0	0	0	0	0	0	0	0	28	27	0	0	0	1	0	0
fsh-generated/resources/ConceptMap-FRLaboratoryResultClinicalElementLMCDAFHIR.json	11984	10	0	0	0	0	0	0	0	26	0	0	0	0	0	0	0	1	0	0	29	28	0	0	0	0	0	0
fsh-generated/resources/ConceptMap-FRLaboratoryResultsLMCDAFHIR.json	11126	10	0	0	0	0	0	0	1	5243	0	0	0	0	0	0	0	0	0	0	27	5140	0	0	0	1	0	1
fsh-generated/resources/ConceptMap-FRMediaLMCDAFHIR.json	7992	10	0	0	0	0	0	0	0	2821	0	0	0	0	0	0	0	0	0	0	21	2580	0	0	0	1	0	0
fsh-generated/resources/ConceptMap-FRMedicationAdministrationLMCDAFHIR.json	9968	9	0	0	0	0	0	0	1	3327	0	0	0	0	0	0	0	0	0	0	24	3279	0	0	0	1	0	0
fsh-generated/resources/ConceptMap-FRMedicationDispenseLMCDAFHIR.json	6824	10	0	0	0	0	0	0	0	1963	0	0	0	0	0	0	0	0	0	0	21	1900	0	0	0	0	0	0
fsh-generated/resources/ConceptMap-FRMedicationLMCDAFHIR.json	7344	10	0	0	0	0	0	0	1	1995	0	0	0	0	0	0	0	0	0	0	19	1933	0	0	0	1	0	0
fsh-generated/resources/ConceptMap-FRMedicationRequestLMCDAFHIR.json	17623	10	0	0	1	0	0	0	1	5358	0	0	0	0	0	0	0	0	0	0	41	5311	0	0	0	1	0	0
fsh-generated/resources/ConceptMap-FRMedicationStatementLMCDAFHIR.json	9253	10	0	0	0	0	0	0	0	3123	0	0	0	0	0	0	0	0	0	0	23	3121	0	0	0	1	0	0
fsh-generated/resources/ConceptMap-FRMedicationsCombinaisonLMCDAFHIR.json	4298	9	0	0	0	0	0	0	0	2509	0	0	0	0	0	0	0	0	0	0	13	2254	0	0	0	0	0	0
fsh-generated/resources/ConceptMap-FRMedicationsCombinaisonRequestLMCDAFHIR.json	4464	9	0	0	0	0	0	0	1	2347	0	0	0	0	0	0	0	0	0	0	13	2244	0	0	0	0	0	0
fsh-generated/resources/ConceptMap-FRNonHumanSubjectLMCDAFHIR.json	3038	9	0	0	0	0	0	0	0	430	0	0	0	0	0	0	0	0	0	0	10	370	0	0	0	1	0	0
fsh-generated/resources/ConceptMap-FRNoteLMCDAFHIR.json	3143	10	0	0	0	0	0	0	0	956	0	0	0	0	0	0	0	0	0	0	10	890	0	0	0	0	0	0
fsh-generated/resources/ConceptMap-FRObservationAdministrationBloodDerivativesLMCDAFHIR.json	5403	9	0	0	0	0	0	0	0	1445	0	0	0	0	0	0	0	0	0	0	15	1363	0	0	0	0	0	0
fsh-generated/resources/ConceptMap-FRObservationBirthEventLMCDAFHIR.json	3990	9	0	0	0	0	0	0	1	1329	0	0	0	0	0	0	0	0	0	0	15	1232	0	0	0	1	0	0
fsh-generated/resources/ConceptMap-FRObservationBloodProductTransfusionLMCDAFHIR.json	5338	10	0	0	0	0	0	0	0	21	0	0	0	0	0	0	0	1	0	0	15	22	0	0	0	0	0	0
fsh-generated/resources/ConceptMap-FRObservationLMCDAFHIR.json	6225	10	0	0	0	0	0	0	0	2344	0	0	0	0	0	0	0	0	0	0	16	1881	0	0	0	1	0	0
fsh-generated/resources/ConceptMap-FRObservationMedicalSummaryLMCDAFHIR.json	4769	9	0	0	1	0	0	0	1	22	0	0	0	0	0	0	0	0	0	0	13	25	0	0	0	0	0	0
fsh-generated/resources/ConceptMap-FRObservationMicroorganismDetectionLMCDAFHIR.json	4963	9	0	0	0	0	0	0	0	21	0	0	0	0	0	0	0	0	0	0	15	23	0	0	0	0	0	0
fsh-generated/resources/ConceptMap-FRObservationMultiresistantMicroorganismsIdentificationLMCDAFHIR.json	5710	10	0	0	0	0	0	0	0	21	0	0	0	0	0	0	0	0	0	0	16	25	0	0	0	1	0	0
fsh-generated/resources/ConceptMap-FRObservationPregnancyHistoryLMCDAFHIR.json	4497	9	0	0	0	0	0	0	1	1535	0	0	0	0	0	0	0	0	0	0	13	1220	0	0	0	0	0	0
fsh-generated/resources/ConceptMap-FRObservationPregnancyLMCDAFHIR.json	4225	10	0	0	0	0	0	0	0	1275	0	0	0	0	0	0	0	0	0	0	12	1199	0	0	0	0	0	0
fsh-generated/resources/ConceptMap-FRObservationResultLMCDAFHIR.json	6831	10	0	0	0	0	0	0	0	22	0	0	0	0	0	0	0	0	0	0	17	24	0	0	0	1	0	0
fsh-generated/resources/ConceptMap-FRObservationSocialHistoryLMCDAFHIR.json	5921	9	0	0	0	0	0	0	1	1822	0	0	0	0	0	0	0	0	0	0	15	1717	0	0	0	0	0	0
fsh-generated/resources/ConceptMap-FRObservationSurveyComponentLMCDAFHIR.json	6096	10	0	0	0	0	0	0	0	1811	0	0	0	0	0	0	0	0	0	0	17	1717	0	0	0	1	0	1
fsh-generated/resources/ConceptMap-FRObservationSurveyComponentN2LMCDAFHIR.json	5622	10	0	0	0	0	0	0	0	1654	0	0	0	0	0	0	0	0	0	0	15	1565	0	0	0	0	0	0
fsh-generated/resources/ConceptMap-FRObservationSurveyLMCDAFHIR.json	7361	9	0	0	1	0	0	0	1	2741	0	0	0	0	0	0	0	0	0	0	19	2563	0	0	0	1	0	0
fsh-generated/resources/ConceptMap-FRObservationSurveyPannelLMCDAFHIR.json	4257	9	0	0	0	0	0	0	0	1141	0	0	0	0	0	0	0	0	0	0	12	1058	0	0	0	0	0	0
fsh-generated/resources/ConceptMap-FRObservationTransfusionAccidentsLMCDAFHIR.json	5115	9	0	0	0	0	0	0	0	1474	0	0	0	0	0	0	0	0	0	0	14	1399	0	0	0	1	0	0
fsh-generated/resources/ConceptMap-FRObservationVitalSignsLMCDAFHIR.json	6317	10	0	0	0	0	0	0	1	1994	0	0	0	0	0	0	0	0	0	0	17	1871	0	0	0	0	0	0
fsh-generated/resources/ConceptMap-FRObservationVitalSignsPanelLMCDAFHIR.json	4295	9	0	0	0	0	0	0	0	1260	0	0	0	0	0	0	0	0	0	0	12	1218	0	0	0	0	0	0
fsh-generated/resources/ConceptMap-FRObservationWorkRelatedAccidentLMCDAFHIR.json	4718	9	0	0	0	0	0	0	0	1355	0	0	0	0	0	0	0	0	0	0	13	1217	0	0	0	1	0	0
fsh-generated/resources/ConceptMap-FRParticipantCorpsLMCDAFHIR.json	9983	10	0	0	0	0	0	0	1	8760	0	0	0	0	0	0	0	0	0	0	24	8528	0	0	0	0	0	0
fsh-generated/resources/ConceptMap-FRPatientWithNonHumanSubjectLMCDAFHIR.json	3868	9	0	0	0	0	0	0	0	389	0	0	0	0	0	0	0	0	0	0	12	406	0	0	0	1	0	0
fsh-generated/resources/ConceptMap-FRPregnancyHistoryLMCDAFHIR.json	4326	9	0	0	0	0	0	0	0	1202	0	0	0	0	0	0	0	1	0	0	12	1217	0	0	0	0	0	0
fsh-generated/resources/ConceptMap-FRProcedureLMCDAFHIR.json	10086	9	0	0	0	0	0	0	1	3431	0	0	0	0	0	0	0	0	0	0	24	3299	0	0	0	1	0	0
fsh-generated/resources/ConceptMap-FRResultsLMCDAFHIR.json	4412	10	0	0	0	0	0	0	0	1479	0	0	0	0	0	0	0	0	0	0	12	1368	0	0	0	0	0	0
fsh-generated/resources/ConceptMap-FRSectionActiveProblemsLMCDAFHIR.json	3433	9	0	0	0	0	0	0	0	998	0	0	0	0	0	0	0	0	0	0	11	871	0	0	0	1	0	0
fsh-generated/resources/ConceptMap-FRSectionAddedDocumentsLMCDAFHIR.json	4005	10	0	0	0	0	0	0	0	1100	0	0	0	0	0	0	0	0	0	0	11	1069	0	0	0	0	0	0
fsh-generated/resources/ConceptMap-FRSectionAdvanceDirectiveLMCDAFHIR.json	3532	9	0	0	1	0	0	0	1	2732	0	0	0	0	0	0	0	0	0	0	11	2596	0	0	0	0	0	0
fsh-generated/resources/ConceptMap-FRSectionAdverseEventLMCDAFHIR.json	3252	9	0	0	0	0	0	0	0	784	0	0	0	0	0	0	0	0	0	0	10	718	0	0	0	0	0	0
fsh-generated/resources/ConceptMap-FRSectionAllergyIntoleranceLMCDAFHIR.json	3800	9	0	0	0	0	0	0	0	968	0	0	0	0	0	0	0	0	0	0	11	860	0	0	0	1	0	0
fsh-generated/resources/ConceptMap-FRSectionBarCodesLMCDAFHIR.json	3307	9	0	0	0	0	0	0	0	931	0	0	0	0	0	0	0	0	0	0	10	865	0	0	0	0	0	0
fsh-generated/resources/ConceptMap-FRSectionCarePlanLMCDAFHIR.json	5438	9	0	0	0	0	0	0	1	1612	0	0	0	0	0	0	0	0	0	0	15	1545	0	0	0	0	0	0
fsh-generated/resources/ConceptMap-FRSectionDocumentStatusLMCDAFHIR.json	3474	9	0	0	0	0	0	0	0	930	0	0	0	0	0	0	0	0	0	0	10	879	0	0	0	1	0	0
fsh-generated/resources/ConceptMap-FRSectionExaminationResultsLMCDAFHIR.json	4493	9	0	0	0	0	0	0	0	1289	0	0	0	0	0	0	0	0	0	0	13	1192	0	0	0	0	0	0
fsh-generated/resources/ConceptMap-FRSectionExposureRadiationLMCDAFHIR.json	6373	9	0	0	0	0	0	0	0	1589	0	0	0	0	0	0	0	0	0	0	17	1552	0	0	0	1	0	0
fsh-generated/resources/ConceptMap-FRSectionFamilyHistoryLMCDAFHIR.json	3557	9	0	0	0	0	0	0	0	963	0	0	0	0	0	0	0	0	0	0	10	862	0	0	0	0	0	0
fsh-generated/resources/ConceptMap-FRSectionFunctionalStatusLMCDAFHIR.json	4511	9	0	0	0	0	0	0	1	1258	0	0	0	0	0	0	0	0	0	0	13	1214	0	0	0	0	0	0
fsh-generated/resources/ConceptMap-FRSectionHistoryActsLMCDAFHIR.json	4012	9	0	0	0	0	0	0	0	1107	0	0	0	0	0	0	0	0	0	0	11	1030	0	0	0	0	0	0
fsh-generated/resources/ConceptMap-FRSectionHospitalDischargeMedicationsLMCDAFHIR.json	3636	9	0	0	0	0	0	0	0	930	0	0	0	0	0	0	0	0	0	0	11	1065	0	0	0	1	0	0
fsh-generated/resources/ConceptMap-FRSectionImagingActLMCDAFHIR.json	6691	9	0	0	0	0	0	0	0	1660	0	0	0	0	0	0	0	0	0	0	17	1571	0	0	0	0	0	0
fsh-generated/resources/ConceptMap-FRSectionImagingAddendumLMCDAFHIR.json	3239	9	0	0	1	0	0	0	1	20	0	0	0	0	0	0	0	0	0	0	10	23	0	0	0	1	0	0
fsh-generated/resources/ConceptMap-FRSectionImagingClinicalInformationLMCDAFHIR.json	7305	9	0	0	0	0	0	0	0	2948	0	0	0	0	0	0	0	0	0	0	18	2781	0	0	0	0	0	0
fsh-generated/resources/ConceptMap-FRSectionImagingComparisonLMCDAFHIR.json	3683	9	0	0	0	0	0	0	0	780	0	0	0	0	0	0	0	0	0	0	11	702	0	0	0	0	0	0
fsh-generated/resources/ConceptMap-FRSectionImagingComplicationsLMCDAFHIR.json	2240	9	0	0	0	0	0	0	0	774	0	0	0	0	0	0	0	0	0	0	7	716	0	0	0	1	0	0
fsh-generated/resources/ConceptMap-FRSectionImagingConclusionLMCDAFHIR.json	2241	9	0	0	0	0	0	0	1	763	0	0	0	0	0	0	0	0	0	0	8	697	0	0	0	0	0	1
fsh-generated/resources/ConceptMap-FRSectionImagingObjectCatalogLMCDAFHIR.json	3486	9	0	0	0	0	0	0	0	947	0	0	0	0	0	0	0	1	0	0	10	868	0	0	0	0	0	0
fsh-generated/resources/ConceptMap-FRSectionImagingRadiationExposureLMCDAFHIR.json	5085	9	0	0	0	0	0	0	0	1210	0	0	0	0	0	0	0	0	0	0	14	1237	0	0	0	1	0	0
fsh-generated/resources/ConceptMap-FRSectionImagingResultsLMCDAFHIR.json	2441	9	0	0	0	0	0	0	0	593	0	0	0	0	0	0	0	0	0	0	8	570	0	0	0	0	0	0
fsh-generated/resources/ConceptMap-FRSectionImagingServiceRequestLMCDAFHIR.json	2846	9	0	0	0	0	0	0	0	591	0	0	0	0	0	0	0	0	0	0	9	540	0	0	0	0	0	0
fsh-generated/resources/ConceptMap-FRSectionImmunizationsLMCDAFHIR.json	3351	9	0	0	1	0	0	0	0	1138	0	0	0	0	0	0	0	0	0	0	10	887	0	0	0	0	0	0
fsh-generated/resources/ConceptMap-FRSectionLaboratoryChapterLMCDAFHIR.json	3984	9	0	0	0	0	0	0	1	4323	0	0	0	0	0	0	0	0	0	0	11	4080	0	0	0	1	0	0
fsh-generated/resources/ConceptMap-FRSectionLaboratorySecondIntentionResultsLMCDAFHIR.json	4927	9	0	0	0	0	0	0	0	3284	0	0	0	0	0	0	0	0	0	0	14	3102	0	0	0	0	0	0
fsh-generated/resources/ConceptMap-FRSectionLaboratorySubChapterLMCDAFHIR.json	3663	9	0	0	0	0	0	0	0	2738	0	0	0	0	0	0	0	0	0	0	11	2574	0	0	0	0	0	0
fsh-generated/resources/ConceptMap-FRSectionMedicalDeviceLMCDAFHIR.json	3698	9	0	0	0	0	0	0	0	3768	0	0	0	0	0	0	0	0	0	0	12	3601	0	0	0	1	0	0
fsh-generated/resources/ConceptMap-FRSectionMedicalHistoryLMCDAFHIR.json	3518	9	0	0	0	0	0	0	0	966	0	0	0	0	0	0	0	0	0	0	11	869	0	0	0	0	0	0
fsh-generated/resources/ConceptMap-FRSectionMedicationAdministrationLMCDAFHIR.json	3672	9	0	0	0	0	0	0	1	21	0	0	0	0	0	0	0	0	0	0	11	20	0	0	0	0	0	0
fsh-generated/resources/ConceptMap-FRSectionMedicationDispenseLMCDAFHIR.json	3662	8	0	0	0	0	0	0	0	975	0	0	0	0	0	0	0	0	0	0	11	870	0	0	0	1	0	0
fsh-generated/resources/ConceptMap-FRSectionMedicationRequestLMCDAFHIR.json	4151	9	0	0	0	0	0	0	0	1113	0	0	0	0	0	0	0	0	0	0	12	1051	0	0	0	0	0	0
fsh-generated/resources/ConceptMap-FRSectionMedicationsLMCDAFHIR.json	3323	10	0	0	0	0	0	0	0	925	0	0	0	0	0	0	0	0	0	0	10	863	0	0	0	0	0	0
fsh-generated/resources/ConceptMap-FRSectionNoteLMCDAFHIR.json	2870	9	0	0	0	0	0	0	0	758	0	0	0	0	0	0	0	0	0	0	9	699	0	0	0	1	0	0
fsh-generated/resources/ConceptMap-FRSectionPDFDocumentCopyLMCDAFHIR.json	3475	9	0	0	0	0	0	0	1	977	0	0	0	0	0	0	0	0	0	0	10	888	0	0	0	0	0	0
fsh-generated/resources/ConceptMap-FRSectionPatientEducationLMCDAFHIR.json	4576	9	0	0	0	0	0	0	0	1294	0	0	0	0	0	0	0	0	0	0	13	1303	0	0	0	0	0	0
fsh-generated/resources/ConceptMap-FRSectionPhysicalFunctionsLMCDAFHIR.json	4616	9	0	0	1	0	0	0	0	1285	0	0	0	0	0	0	0	0	0	0	13	1220	0	0	0	1	0	0
fsh-generated/resources/ConceptMap-FRSectionPregnancyHistoryLMCDAFHIR.json	4288	9	0	0	0	0	0	0	1	1143	0	0	0	0	0	0	0	0	0	0	14	1040	0	0	0	0	0	0
fsh-generated/resources/ConceptMap-FRSectionPrescriptionOfMedicalDevicesLMCDAFHIR.json	4418	9	0	0	0	0	0	0	0	1155	0	0	0	0	0	0	0	0	0	0	13	1032	0	0	0	0	0	0
fsh-generated/resources/ConceptMap-FRSectionReasonForRecommendationLMCDAFHIR.json	4229	9	0	0	0	0	0	0	0	1086	0	0	0	0	0	0	0	0	0	0	12	1043	0	0	0	1	0	0
fsh-generated/resources/ConceptMap-FRSectionResultsLMCDAFHIR.json	3243	9	0	0	0	0	0	0	1	961	0	0	0	0	0	0	0	0	0	0	10	869	0	0	0	0	0	0
fsh-generated/resources/ConceptMap-FRSectionSocialHistoryLMCDAFHIR.json	3570	9	0	0	0	0	0	0	0	2894	0	0	0	0	0	0	0	0	0	0	10	2600	0	0	0	0	0	0
fsh-generated/resources/ConceptMap-FRSectionUncodedExaminationResultsLMCDAFHIR.json	2999	9	0	0	0	0	0	0	0	790	0	0	0	0	0	0	0	0	0	0	10	725	0	0	0	0	0	0
fsh-generated/resources/ConceptMap-FRSectionUncodedOccupationalRiskFactorsLMCDAFHIR.json	3447	9	0	0	0	0	0	0	0	762	0	0	0	0	0	0	0	0	0	0	11	703	0	0	0	1	0	0
fsh-generated/resources/ConceptMap-FRSectionUncodedPointsOfVigilanceLMCDAFHIR.json	3147	8	0	0	0	0	0	0	1	782	0	0	0	0	0	0	0	0	0	0	10	701	0	0	0	0	0	0
fsh-generated/resources/ConceptMap-FRSectionUncodedReasonForRecommendationLMCDAFHIR.json	3228	9	0	0	0	0	0	0	0	763	0	0	0	0	0	0	0	0	0	0	10	697	0	0	0	0	0	0
fsh-generated/resources/ConceptMap-FRSectionVitalSignsLMCDAFHIR.json	2906	9	0	0	0	0	0	0	0	770	0	0	0	0	0	0	0	0	0	0	9	692	0	0	0	1	0	0
fsh-generated/resources/ConceptMap-FRServiceRequestLMCDAFHIR.json	6646	9	0	0	0	0	0	0	0	1971	0	0	0	0	0	0	0	1	0	0	17	1874	0	0	0	0	0	0
fsh-generated/resources/ConceptMap-FRSpecimenLMCDAFHIR.json	5223	9	0	0	1	0	0	0	0	1611	0	0	0	0	0	0	0	0	0	0	14	1564	0	0	0	1	0	0
fsh-generated/resources/ConceptMap-mappingAuteurCDAFHIR.json	3968	9	0	0	0	0	0	0	1	963	0	0	0	0	0	0	0	0	0	0	11	904	0	0	0	0	0	0
fsh-generated/resources/ConceptMap-mappingConsentementCDAFHIR.json	3164	9	0	0	0	0	0	0	0	21	0	0	0	0	0	0	0	0	0	0	10	21	0	0	0	0	0	0
fsh-generated/resources/ConceptMap-mappingDestinatairePrevuCDAFHIR.json	6120	9	0	0	0	0	0	0	0	26	0	0	0	0	0	0	0	0	0	0	16	23	0	0	0	1	0	0
fsh-generated/resources/ConceptMap-mappingDocumentDeReferenceCDAFHIR.json	2572	9	0	0	0	0	0	0	0	20	0	0	0	0	0	0	0	0	0	0	9	19	0	0	0	0	0	0
fsh-generated/resources/ConceptMap-mappingEvenementCDAFHIR.json	5478	9	0	0	0	0	0	0	1	21	0	0	0	0	0	0	0	0	0	0	14	21	0	0	0	0	0	0
fsh-generated/resources/ConceptMap-mappingInformateurCDAFHIR.json	2841	8	0	0	0	0	0	0	0	611	0	0	0	0	0	0	0	0	0	0	10	549	0	0	0	1	0	0
fsh-generated/resources/ConceptMap-mappingOperateurSaisieCDAFHIR.json	2678	9	0	0	0	0	0	0	0	20	0	0	0	0	0	0	0	0	0	0	9	19	0	0	0	0	0	0
fsh-generated/resources/ConceptMap-mappingParticipantCDAFHIR.json	8171	9	0	0	0	0	0	0	0	4234	0	0	0	0	0	0	0	0	0	0	20	4258	0	0	0	1	0	1
fsh-generated/resources/ConceptMap-mappingPatientCDAFHIR.json	17847	10	0	0	0	0	0	0	2	5593	0	0	0	0	0	0	0	0	0	0	40	5264	0	0	0	1	0	0
fsh-generated/resources/ConceptMap-mappingPersonneStructureAssignedEntityFHIR.json	9449	9	0	0	0	0	0	0	0	2830	0	0	0	0	0	0	0	0	0	0	23	2724	0	0	0	1	0	0
fsh-generated/resources/ConceptMap-mappingPersonneStructureAuteurFHIR.json	9545	9	0	0	1	0	0	0	0	2843	0	0	0	0	0	0	0	0	0	0	23	2903	0	0	0	0	0	0
fsh-generated/resources/ConceptMap-mappingPersonneStructureRelatedEntityFHIR.json	8572	9	0	0	0	0	0	0	1	3438	0	0	0	0	0	0	0	0	0	0	21	3390	0	0	0	1	0	0
fsh-generated/resources/ConceptMap-mappingPrescriptionCDAFHIR.json	2544	9	0	0	0	0	0	0	0	21	0	0	0	0	0	0	0	0	0	0	9	25	0	0	0	0	0	0
fsh-generated/resources/ConceptMap-mappingPriseEnchargeCDAFHIR.json	10008	9	0	0	0	0	0	0	0	22	0	0	0	0	0	0	0	0	0	0	25	23	0	0	0	1	0	0
fsh-generated/resources/ConceptMap-mappingResponsableCDAFHIR.json	7270	9	0	0	0	0	0	0	1	22	0	0	0	0	0	0	0	1	0	0	18	21	0	0	0	0	0	0
fsh-generated/resources/ConceptMap-mappingStructureConservationCDAFHIR.json	4475	9	0	0	0	0	0	0	0	23	0	0	0	0	0	0	0	0	0	0	13	20	0	0	0	1	0	0
fsh-generated/resources/ConceptMap-mappingSystemeFHIR.json	6491	9	0	0	0	0	0	0	0	3837	0	0	0	0	0	0	0	0	0	0	16	3588	0	0	0	0	0	0
fsh-generated/resources/ConceptMap-mappingValidateurCDAFHIR.json	7139	9	0	0	1	0	0	0	1	23	0	0	0	0	0	0	0	0	0	0	19	22	0	0	0	1	0	0
fsh-generated/resources/ConceptMap-mappingmodelemetierCDAFHIR.json	14066	10	0	0	0	0	0	0	1	34	0	0	0	0	0	0	0	0	0	0	32	27	0	0	0	1	0	0
fsh-generated/resources/Procedure-example-procedure-data-absent-reason.json	932	9	0	0	0	0	0	0	0	6	0	0	0	0	0	0	0	0	0	0	5	11	0	0	0	0	0	0
fsh-generated/resources/StructureDefinition-cisis-addr.json	10638	10	0	112	0	0	0	0	0	121	0	0	1	0	0	0	0	4	0	0	457	1881	0	0	0	16	2	3
fsh-generated/resources/StructureDefinition-cisis-telecom.json	2578	9	0	63	0	0	0	0	0	17	0	0	0	0	0	0	0	0	0	0	26	381	0	0	0	1	0	0
fsh-generated/resources/StructureDefinition-fr-accession-number-identifier-document.json	1873	11	0	109	0	0	0	0	0	19	0	0	0	0	0	0	0	1	0	0	66	302	0	0	0	2	0	0
fsh-generated/resources/StructureDefinition-fr-actor-extension.json	4421	9	0	104	0	0	0	0	0	27	0	0	0	0	0	0	0	0	0	0	90	278	0	0	0	3	0	0
fsh-generated/resources/StructureDefinition-fr-advance-directive-document.json	5128	9	0	138	0	0	0	0	0	44	0	0	0	0	0	0	0	1	0	0	194	429	0	0	0	7	0	1
fsh-generated/resources/StructureDefinition-fr-adverse-event-document.json	3810	9	0	500	0	0	0	0	0	21	0	0	0	0	0	0	0	1	0	0	103	326	0	0	0	4	0	1
fsh-generated/resources/StructureDefinition-fr-allergie-intolerance-document.json	5106	9	0	209	0	0	0	0	0	21	0	0	0	0	0	0	0	1	0	0	136	336	0	0	0	5	0	0
fsh-generated/resources/StructureDefinition-fr-author-time-extension.json	1471	9	0	15	0	0	0	0	0	12	0	0	0	0	0	0	0	0	0	0	25	160	0	0	0	1	0	0
fsh-generated/resources/StructureDefinition-fr-body-structure-document.json	977	9	0	21	0	0	0	0	0	33	0	0	1	0	0	0	0	0	0	0	46	220	0	0	0	2	0	0
fsh-generated/resources/StructureDefinition-fr-bundle-document.json	6837	9	0	278	0	0	0	0	0	50	0	0	0	0	0	0	0	4	0	0	587	1178	0	0	0	22	0	3
fsh-generated/resources/StructureDefinition-fr-care-plan-document.json	2790	9	0	44	0	0	0	0	0	24	0	0	0	0	0	0	0	2	0	0	163	395	0	0	0	7	0	1
fsh-generated/resources/StructureDefinition-fr-cda-accidents-transfusionnels.json	7061	10	0	72	0	0	0	0	0	23	0	0	0	0	0	0	0	0	0	0	134	354	0	1	0	5	1	1
fsh-generated/resources/StructureDefinition-fr-cda-acte-substitution.json	4380	10	0	31	0	0	0	0	0	17	0	0	0	0	0	0	0	1	0	0	91	290	0	0	0	3	0	0
fsh-generated/resources/StructureDefinition-fr-cda-acte.json	18042	11	0	123	0	0	0	0	0	39	0	0	1	0	0	0	0	2	0	0	316	594	0	0	0	10	0	1
fsh-generated/resources/StructureDefinition-fr-cda-administration-de-derives-du-sang.json	6824	9	0	38	1	0	0	0	0	21	0	0	0	0	0	0	0	1	0	0	132	311	0	0	0	5	0	1
fsh-generated/resources/StructureDefinition-fr-cda-allergie-ou-hypersensibilite.json	15675	10	0	108	0	0	0	0	0	44	0	0	0	0	0	0	0	2	0	0	337	573	0	0	0	12	0	2
fsh-generated/resources/StructureDefinition-fr-cda-allergies-et-hypersensibilites.json	5690	13	0	40	0	0	0	0	0	31	0	0	0	0	0	0	0	1	0	0	108	251	0	0	0	4	0	0
fsh-generated/resources/StructureDefinition-fr-cda-antecedent-familial-observe.json	7769	11	0	38	0	0	0	0	0	26	0	0	0	0	0	0	0	1	0	0	146	302	0	0	0	5	1	1
fsh-generated/resources/StructureDefinition-fr-cda-antecedents-familiaux.json	6872	9	0	49	0	0	0	0	0	23	0	0	0	0	0	0	0	1	0	0	147	315	0	0	0	5	0	0
fsh-generated/resources/StructureDefinition-fr-cda-antecedents-medicaux.json	5153	10	0	43	0	0	0	0	0	23	0	0	0	0	0	0	0	0	0	0	97	269	0	0	0	4	0	1
fsh-generated/resources/StructureDefinition-fr-cda-assigned-author.json	6346	9	0	24	0	0	0	0	0	39	0	0	1	0	0	0	0	0	0	0	77	206	0	0	0	2	0	0
fsh-generated/resources/StructureDefinition-fr-cda-assigned-custodian.json	2600	9	0	28	0	0	0	0	0	14	0	0	0	0	0	0	0	1	0	0	34	134	0	0	0	1	0	0
fsh-generated/resources/StructureDefinition-fr-cda-assigned-entity.json	6024	9	0	25	0	0	0	0	0	16	0	0	0	0	0	0	0	0	0	0	89	198	0	0	0	3	0	0
fsh-generated/resources/StructureDefinition-fr-cda-assigned-person.json	3349	9	0	25	0	0	0	0	0	14	0	0	0	0	0	0	0	0	0	0	54	180	0	0	0	2	0	1
fsh-generated/resources/StructureDefinition-fr-cda-associated-entity.json	5042	9	0	37	0	0	0	0	0	15	0	0	0	0	0	0	0	0	0	0	67	195	0	0	0	2	0	0
fsh-generated/resources/StructureDefinition-fr-cda-authenticator.json	3757	9	0	26	0	0	0	0	0	14	0	0	0	0	0	0	0	1	0	0	61	174	0	0	0	3	0	0
fsh-generated/resources/StructureDefinition-fr-cda-author.json	4059	9	0	24	0	0	0	0	0	23	0	0	0	0	0	0	0	0	0	0	69	146	0	0	0	2	0	0
fsh-generated/resources/StructureDefinition-fr-cda-authoring-device.json	2535	8	0	23	0	0	0	0	0	12	0	0	0	0	0	0	0	0	0	0	40	132	0	0	0	1	0	0
fsh-generated/resources/StructureDefinition-fr-cda-authorization.json	3070	9	0	28	0	0	0	0	0	15	0	0	0	0	0	0	0	0	0	0	63	143	0	0	0	2	0	1
fsh-generated/resources/StructureDefinition-fr-cda-autorisation-substitution.json	4481	9	0	39	0	0	0	0	0	17	0	0	0	0	0	0	0	1	0	0	85	167	0	0	0	3	0	0
fsh-generated/resources/StructureDefinition-fr-cda-batterie-examens-de-biologie-medicale.json	12995	10	0	78	0	0	0	0	0	27	0	0	0	0	0	0	0	1	0	0	201	242	0	0	0	7	1	2
fsh-generated/resources/StructureDefinition-fr-cda-certitude.json	6485	9	0	28	0	0	0	0	0	20	0	0	0	0	0	0	0	1	0	0	129	198	0	0	0	5	0	1
fsh-generated/resources/StructureDefinition-fr-cda-clinical-document.json	10690	9	0	56	0	0	0	0	0	17	0	0	0	0	0	0	0	0	0	0	101	149	0	0	0	3	0	0
fsh-generated/resources/StructureDefinition-fr-cda-code-a-barres.json	4478	9	0	31	0	0	0	0	0	16	0	0	0	0	0	0	0	1	0	0	90	171	0	0	0	3	0	0
fsh-generated/resources/StructureDefinition-fr-cda-commentaire-er.json	6165	10	0	29	0	0	0	0	0	29	0	0	0	0	0	0	0	0	0	0	111	180	0	0	0	4	0	1
fsh-generated/resources/StructureDefinition-fr-cda-commentaire-non-code.json	4677	9	0	31	0	0	0	0	0	28	0	0	0	0	0	0	0	1	0	0	92	165	0	0	0	3	0	0
fsh-generated/resources/StructureDefinition-fr-cda-component-of.json	2558	8	0	36	0	0	0	0	0	12	0	0	1	0	0	0	0	0	0	0	35	122	0	0	0	2	0	0
fsh-generated/resources/StructureDefinition-fr-cda-cr-bio-chapitre.json	6764	10	0	1843	0	0	0	0	0	32	0	0	0	0	0	0	0	1	0	0	103	181	0	0	0	3	0	1
fsh-generated/resources/StructureDefinition-fr-cda-cr-bio-sous-chapitre.json	5894	9	0	30	0	0	0	0	0	29	0	0	0	0	0	0	0	0	0	0	102	176	0	0	0	4	0	0
fsh-generated/resources/StructureDefinition-fr-cda-criticite.json	7598	9	0	31	0	0	0	0	0	31	0	0	0	0	0	0	0	1	0	0	154	195	0	0	0	5	1	1
fsh-generated/resources/StructureDefinition-fr-cda-custodian.json	2503	9	0	23	0	0	0	0	0	13	0	0	0	0	0	0	0	0	0	0	35	121	0	0	0	1	0	0
fsh-generated/resources/StructureDefinition-fr-cda-data-enterer.json	3080	10	0	22	0	0	0	0	0	12	0	0	0	0	0	0	0	0	0	0	44	124	0	0	0	1	0	0
fsh-generated/resources/StructureDefinition-fr-cda-demande-d-examen-ou-de-suivi.json	8381	9	0	36	0	0	0	0	0	20	0	0	0	0	0	0	0	1	0	0	139	205	0	0	0	5	0	1
fsh-generated/resources/StructureDefinition-fr-cda-dicom-acte-imagerie.json	8647	10	0	106	0	0	0	0	0	22	0	0	0	0	0	0	0	1	0	0	167	321	0	0	0	6	0	0
fsh-generated/resources/StructureDefinition-fr-cda-dicom-addendum.json	4810	9	0	31	0	0	0	0	0	15	0	0	0	0	0	0	0	1	0	0	86	252	0	0	0	3	0	1
fsh-generated/resources/StructureDefinition-fr-cda-dicom-administration-produit-de-sante.json	10765	9	0	33	0	0	0	0	0	66	0	0	0	0	0	0	0	1	0	0	180	357	0	0	0	6	0	1
fsh-generated/resources/StructureDefinition-fr-cda-dicom-administration-radiopharmaceutique.json	9733	9	0	32	0	0	0	0	0	20	0	0	0	0	0	0	0	1	0	0	161	345	0	0	0	6	0	0
fsh-generated/resources/StructureDefinition-fr-cda-dicom-cadres-a-afficher.json	3885	9	0	142	1	0	0	0	0	16	0	0	0	0	0	0	0	0	0	0	87	262	0	0	0	3	0	1
fsh-generated/resources/StructureDefinition-fr-cda-dicom-cadres-references.json	4735	10	0	29	0	0	0	0	0	17	0	0	1	0	0	0	0	1	0	0	101	272	0	0	0	4	0	0
fsh-generated/resources/StructureDefinition-fr-cda-dicom-complications.json	4270	9	0	28	0	0	0	0	0	16	0	0	0	0	0	0	0	1	0	0	82	190	0	0	0	3	1	0
fsh-generated/resources/StructureDefinition-fr-cda-dicom-conclusion.json	4508	9	0	30	0	0	0	0	0	15	0	0	0	0	0	0	0	0	0	0	86	253	0	0	0	3	0	1
fsh-generated/resources/StructureDefinition-fr-cda-dicom-demande-examen.json	4218	9	0	30	0	0	0	0	0	15	0	0	0	0	0	0	0	1	0	0	82	251	0	0	0	2	0	0
fsh-generated/resources/StructureDefinition-fr-cda-dicom-examen-comparatif.json	4340	9	0	30	0	0	0	0	0	15	0	0	0	0	0	0	0	0	0	0	82	248	0	0	0	3	0	1
fsh-generated/resources/StructureDefinition-fr-cda-dicom-examen-imagerie.json	5443	9	0	29	0	0	0	0	0	17	0	0	0	0	0	0	0	1	0	0	103	246	0	0	0	4	0	0
fsh-generated/resources/StructureDefinition-fr-cda-dicom-exposition-aux-radiations.json	9000	9	0	38	0	0	0	0	0	23	0	0	0	0	0	0	0	1	0	0	183	247	0	0	0	6	0	1
fsh-generated/resources/StructureDefinition-fr-cda-dicom-exposition-patient.json	4341	9	0	28	0	0	0	0	0	15	0	0	0	0	0	0	0	1	0	0	70	152	0	0	0	3	0	0
fsh-generated/resources/StructureDefinition-fr-cda-dicom-historique-medical.json	4972	9	0	32	0	0	0	0	0	20	0	0	0	0	0	0	0	0	0	0	98	169	0	0	0	3	0	1
fsh-generated/resources/StructureDefinition-fr-cda-dicom-informations-cliniques.json	6673	9	0	33	0	0	0	0	0	18	0	0	0	0	0	0	0	1	0	0	114	179	0	0	0	4	0	0
fsh-generated/resources/StructureDefinition-fr-cda-dicom-object-catalog.json	5035	10	0	26	0	0	0	0	0	17	0	0	0	0	0	0	0	1	0	0	98	176	0	0	0	3	0	1
fsh-generated/resources/StructureDefinition-fr-cda-dicom-objectifs-de-reference.json	4345	9	0	28	0	0	0	0	0	17	0	0	1	0	0	0	0	0	0	0	89	189	0	0	0	3	0	0
fsh-generated/resources/StructureDefinition-fr-cda-dicom-observation-subordonnee.json	8171	9	0	37	0	0	0	0	0	27	0	0	0	0	0	0	0	1	0	0	164	220	0	0	0	6	0	1
fsh-generated/resources/StructureDefinition-fr-cda-dicom-observation.json	10404	10	0	37	0	0	0	0	0	27	0	0	0	0	0	0	0	2	0	0	221	272	0	0	0	8	0	1
fsh-generated/resources/StructureDefinition-fr-cda-dicom-quantite-subordonnee.json	8852	9	0	38	0	0	0	0	0	22	0	0	0	0	0	0	0	1	0	0	157	203	0	0	0	6	0	1
fsh-generated/resources/StructureDefinition-fr-cda-dicom-quantite.json	8360	9	0	30	0	0	0	0	0	22	0	0	0	0	0	0	0	0	0	0	146	203	0	0	0	5	0	0
fsh-generated/resources/StructureDefinition-fr-cda-dicom-resultats.json	4341	9	0	30	0	0	0	0	0	15	0	0	0	0	0	0	0	1	0	0	82	164	0	0	0	2	0	0
fsh-generated/resources/StructureDefinition-fr-cda-dicom-serie-imagerie.json	6798	9	0	31	0	0	0	0	0	21	0	0	0	0	0	0	0	1	0	0	139	197	0	0	0	5	0	1
fsh-generated/resources/StructureDefinition-fr-cda-dicom-sop-instance-observation-subordonnee.json	7817	10	0	34	0	0	0	0	0	22	0	0	0	0	0	0	0	1	0	0	160	247	0	1	0	6	0	1
fsh-generated/resources/StructureDefinition-fr-cda-dicom-sop-instance-observation.json	9078	9	0	36	0	0	0	0	0	25	0	0	1	0	0	0	0	1	0	0	182	260	0	0	0	6	0	1
fsh-generated/resources/StructureDefinition-fr-cda-dicom-technique-imagerie.json	8337	9	0	31	0	0	0	0	0	152	0	0	0	0	0	0	0	1	0	0	149	195	0	0	0	6	0	0
fsh-generated/resources/StructureDefinition-fr-cda-directive-anticipee.json	11676	9	0	48	0	0	0	0	0	32	0	0	0	0	0	0	0	1	0	0	256	276	0	0	0	9	1	2
fsh-generated/resources/StructureDefinition-fr-cda-dispensation-medicaments.json	5808	9	0	151	0	0	0	0	0	21	0	0	0	0	0	0	0	1	0	0	111	174	0	0	0	4	0	0
fsh-generated/resources/StructureDefinition-fr-cda-dispositif-medical.json	13561	10	0	51	0	0	0	0	0	37	0	0	0	0	0	0	0	2	0	0	278	306	0	0	0	9	0	1
fsh-generated/resources/StructureDefinition-fr-cda-document-attache.json	7652	9	0	38	0	0	0	0	0	27	0	0	0	0	0	0	0	1	0	0	158	226	0	0	0	6	0	1
fsh-generated/resources/StructureDefinition-fr-cda-document-pdf-copie.json	4469	9	0	19	0	0	0	0	0	17	0	0	0	0	0	0	0	1	0	0	89	163	0	0	0	3	0	1
fsh-generated/resources/StructureDefinition-fr-cda-documentation-of.json	2778	9	0	13	0	0	0	0	0	13	0	0	0	0	0	0	0	0	0	0	35	120	0	0	0	1	0	0
fsh-generated/resources/StructureDefinition-fr-cda-documents-ajoutes.json	5406	9	0	20	0	0	0	0	0	21	0	0	1	0	0	0	0	0	0	0	107	177	0	0	0	4	0	0
fsh-generated/resources/StructureDefinition-fr-cda-dose-antigene.json	5051	9	0	18	0	0	0	0	0	18	0	0	0	0	0	0	0	1	0	0	91	166	0	0	0	3	0	1
fsh-generated/resources/StructureDefinition-fr-cda-education-du-patient.json	7007	9	0	61	0	0	0	0	0	21	0	0	0	0	0	0	0	1	0	0	143	218	0	0	0	5	0	0
fsh-generated/resources/StructureDefinition-fr-cda-effet-indesirable.json	11912	9	0	53	1	0	0	0	0	39	0	0	0	0	0	0	0	1	0	0	250	269	0	0	0	9	0	1
fsh-generated/resources/StructureDefinition-fr-cda-effets-indesirables.json	4400	9	0	31	0	0	0	0	0	18	0	0	0	0	0	0	0	1	0	0	87	162	0	0	0	3	0	1
fsh-generated/resources/StructureDefinition-fr-cda-en-rapport-avec-accident-travail.json	7281	9	0	29	0	0	0	0	0	20	0	0	0	0	0	0	0	0	0	0	134	188	0	0	0	5	0	0
fsh-generated/resources/StructureDefinition-fr-cda-en-rapport-avec-ald.json	6978	10	0	30	0	0	0	0	0	20	0	0	0	0	0	0	0	0	0	0	132	188	0	0	0	5	0	1
fsh-generated/resources/StructureDefinition-fr-cda-en-rapport-avec-la-prevention.json	7041	9	0	32	0	0	0	0	0	23	0	0	0	0	0	0	0	1	0	0	133	186	0	0	0	4	0	1
fsh-generated/resources/StructureDefinition-fr-cda-encompassing-encounter.json	7022	9	0	28	0	0	0	0	0	22	0	0	0	0	0	0	0	0	0	0	125	156	0	0	0	4	0	0
fsh-generated/resources/StructureDefinition-fr-cda-encounter-participant.json	3079	9	0	23	0	0	0	0	0	13	0	0	1	0	0	0	0	0	0	0	40	123	0	0	0	2	0	0
fsh-generated/resources/StructureDefinition-fr-cda-evaluation-composant-n2.json	6724	9	0	37	0	0	0	0	0	21	0	0	0	0	0	0	0	1	0	0	158	221	0	0	0	5	0	1
fsh-generated/resources/StructureDefinition-fr-cda-evaluation-composant.json	9801	9	0	42	0	0	0	0	0	26	0	0	0	0	0	0	0	0	0	0	203	238	0	0	0	7	0	1
fsh-generated/resources/StructureDefinition-fr-cda-evaluation.json	13826	9	0	62	0	0	0	0	0	32	0	0	0	0	0	0	0	1	0	0	276	313	0	0	0	10	1	1
fsh-generated/resources/StructureDefinition-fr-cda-evenement-indesirable-pendant-hospitalisation.json	6458	10	0	35	0	0	0	0	0	21	0	0	0	0	0	0	0	1	0	0	133	186	0	0	0	5	0	1
fsh-generated/resources/StructureDefinition-fr-cda-evenement-indesirable-suite-administration-derives-sang.json	6730	9	0	35	0	0	0	0	0	22	0	0	0	0	0	0	0	0	0	0	133	186	0	0	0	5	0	0
fsh-generated/resources/StructureDefinition-fr-cda-evenement.json	16353	9	0	69	0	0	0	0	0	74	0	0	0	0	0	0	0	1	0	0	295	365	0	0	0	9	0	2
fsh-generated/resources/StructureDefinition-fr-cda-evolution-effet-indesirable.json	4442	9	0	34	0	0	0	0	0	17	0	0	1	0	0	0	0	0	0	0	91	180	0	0	0	4	0	0
fsh-generated/resources/StructureDefinition-fr-cda-facteurs-de-risque-professionnels-non-code.json	4623	9	0	28	0	0	0	0	0	17	0	0	0	0	0	0	0	0	0	0	84	206	0	0	0	3	0	0
fsh-generated/resources/StructureDefinition-fr-cda-fonctions-physiques.json	6064	9	0	34	0	0	0	0	0	19	0	0	0	0	0	0	0	1	0	0	120	203	0	0	0	4	0	1
fsh-generated/resources/StructureDefinition-fr-cda-gravite-effet-indesirable.json	5033	9	0	30	0	0	0	0	0	18	0	0	0	0	0	0	0	0	0	0	96	173	0	0	0	7	0	1
fsh-generated/resources/StructureDefinition-fr-cda-groupe-de-questionnaires-d-evaluation.json	6111	9	0	31	0	0	0	0	0	19	0	0	0	0	0	0	0	1	0	0	119	190	0	0	0	5	0	0
fsh-generated/resources/StructureDefinition-fr-cda-habitus-mode-de-vie.json	7027	9	0	34	0	0	0	0	0	20	0	0	0	0	0	0	0	0	0	0	137	206	0	0	0	5	0	1
fsh-generated/resources/StructureDefinition-fr-cda-health-care-facility.json	5686	9	0	31	0	0	0	0	0	19	0	0	0	0	0	0	0	0	0	0	97	280	0	0	0	3	0	0
fsh-generated/resources/StructureDefinition-fr-cda-historique-de-la-grossesse.json	7548	9	0	40	0	0	0	0	0	20	0	0	0	0	0	0	0	1	0	0	125	280	0	0	0	4	0	1
fsh-generated/resources/StructureDefinition-fr-cda-historique-des-actes.json	7037	9	0	35	0	0	0	0	0	20	0	0	0	0	0	0	0	0	0	0	138	295	0	0	0	5	0	0
fsh-generated/resources/StructureDefinition-fr-cda-historique-des-grossesses.json	6134	9	0	34	0	0	0	0	0	22	0	0	0	0	0	0	0	0	0	0	118	287	0	0	0	4	0	1
fsh-generated/resources/StructureDefinition-fr-cda-hors-amm.json	7066	9	0	29	0	0	0	0	0	18	0	0	0	0	0	0	0	1	0	0	124	275	0	0	0	4	0	0
fsh-generated/resources/StructureDefinition-fr-cda-identification-micro-organismes-multiresistants.json	7131	10	0	33	0	0	0	0	0	19	0	0	1	0	0	0	0	0	0	0	115	312	0	0	0	4	0	1
fsh-generated/resources/StructureDefinition-fr-cda-image-illustrative.json	6542	9	0	26	0	0	0	0	0	16	0	0	0	0	0	0	0	0	0	0	90	244	0	0	0	3	0	0
fsh-generated/resources/StructureDefinition-fr-cda-imputabilite-effet-indesirable.json	5180	9	0	29	0	0	0	0	0	18	0	0	0	0	0	0	0	1	0	0	106	300	0	0	0	4	0	1
fsh-generated/resources/StructureDefinition-fr-cda-inFulfillment-of.json	2415	8	0	22	1	0	0	0	0	11	0	0	0	0	0	0	0	0	0	0	33	175	0	0	0	1	0	0
fsh-generated/resources/StructureDefinition-fr-cda-informant-apsr.json	4820	9	0	27	0	0	0	0	0	13	0	0	0	0	0	0	0	0	0	0	52	200	0	0	0	2	0	0
fsh-generated/resources/StructureDefinition-fr-cda-informant.json	3425	9	0	23	0	0	0	0	0	13	0	0	0	0	0	0	0	0	0	0	42	146	0	1	0	1	0	0
fsh-generated/resources/StructureDefinition-fr-cda-information-recipient.json	2733	9	0	23	0	0	0	0	0	14	0	0	0	0	0	0	0	0	0	0	36	121	0	0	0	1	0	0
fsh-generated/resources/StructureDefinition-fr-cda-instruction-au-patient.json	6438	9	0	28	0	0	0	0	0	19	0	0	0	0	0	0	0	0	0	0	118	197	0	0	0	5	1	1
fsh-generated/resources/StructureDefinition-fr-cda-instructions-au-dispensateur.json	5422	9	0	28	0	0	0	0	0	17	0	0	0	0	0	0	0	1	0	0	100	167	0	0	0	3	0	0
fsh-generated/resources/StructureDefinition-fr-cda-instructions-au-patient.json	6239	9	0	30	0	0	0	0	0	18	0	0	0	0	0	0	0	0	0	0	121	193	0	0	0	5	0	1
fsh-generated/resources/StructureDefinition-fr-cda-intended-recipient.json	4781	9	0	27	0	0	0	0	0	17	0	0	0	0	0	0	0	0	0	0	93	154	0	0	0	3	0	0
fsh-generated/resources/StructureDefinition-fr-cda-isolat-microbiologique.json	13941	10	0	42	0	0	0	0	0	30	0	0	0	0	0	0	0	1	0	0	275	315	0	0	0	9	0	1
fsh-generated/resources/StructureDefinition-fr-cda-item-plan-traitement.json	22155	9	0	42	0	0	0	0	0	42	0	0	1	0	0	0	0	1	0	0	367	365	0	0	0	12	0	2
fsh-generated/resources/StructureDefinition-fr-cda-laboratoire-executant.json	3045	9	0	14	0	0	0	0	0	14	0	0	0	0	0	0	0	0	0	0	53	134	0	0	0	2	0	0
fsh-generated/resources/StructureDefinition-fr-cda-legal-authenticator.json	4286	9	0	27	0	0	0	0	0	16	0	0	0	0	0	0	0	1	0	0	91	153	0	0	0	4	0	1
fsh-generated/resources/StructureDefinition-fr-cda-liste-des-allergies-et-hypersensibilites.json	8257	10	0	19	0	0	0	0	0	35	0	0	0	0	0	0	0	0	0	0	153	230	0	0	0	5	0	0
fsh-generated/resources/StructureDefinition-fr-cda-liste-des-problemes.json	6467	9	0	17	0	0	0	0	0	32	0	0	0	0	0	0	0	0	0	0	124	181	0	0	0	5	0	1
fsh-generated/resources/StructureDefinition-fr-cda-modalite-entree.json	6166	9	0	19	0	0	0	0	0	30	0	0	0	0	0	0	0	0	0	0	105	170	0	0	0	3	0	0
fsh-generated/resources/StructureDefinition-fr-cda-modalite-sortie.json	6169	9	0	31	0	0	0	0	0	30	0	0	0	0	0	0	0	1	0	0	106	173	0	0	0	4	0	1
fsh-generated/resources/StructureDefinition-fr-cda-naissance.json	6708	9	0	24	0	0	0	0	0	89	0	0	0	0	0	0	0	0	0	0	116	173	0	0	0	4	0	0
fsh-generated/resources/StructureDefinition-fr-cda-name.json	2709	9	0	13	1	0	0	0	0	24	0	0	0	0	0	0	0	0	0	0	44	125	0	0	0	2	0	0
fsh-generated/resources/StructureDefinition-fr-cda-non-remboursable.json	6889	10	0	17	0	0	0	0	0	34	0	0	0	0	0	0	0	1	0	0	131	186	0	0	0	4	0	1
fsh-generated/resources/StructureDefinition-fr-cda-notes-du-dispensateur.json	5609	9	0	17	0	0	0	0	0	31	0	0	1	0	0	0	0	0	0	0	111	174	0	0	0	4	0	1
fsh-generated/resources/StructureDefinition-fr-cda-observation-sur-echelle-douleur.json	8214	9	0	203	0	0	0	0	0	36	0	0	0	0	0	0	0	0	0	0	153	196	0	0	0	6	0	0
fsh-generated/resources/StructureDefinition-fr-cda-observation-sur-la-grossesse.json	6144	9	0	17	0	0	0	0	0	32	0	0	0	0	0	0	0	0	0	0	124	187	0	0	0	4	0	1
fsh-generated/resources/StructureDefinition-fr-cda-order.json	3357	9	0	14	0	0	1	0	0	24	0	0	0	0	0	0	0	1	0	0	57	131	0	0	0	2	0	0
fsh-generated/resources/StructureDefinition-fr-cda-organisme-assurance-maladie.json	13292	10	0	54	0	0	0	0	0	55	0	0	0	0	0	0	0	0	0	0	328	333	0	0	0	11	1	2
fsh-generated/resources/StructureDefinition-fr-cda-parent-document.json	2635	9	0	21	0	0	0	0	0	14	0	0	0	0	0	0	0	0	0	0	44	124	0	0	0	2	0	0
fsh-generated/resources/StructureDefinition-fr-cda-participant-apsr.json	6931	9	0	23	0	0	0	0	0	43	0	0	0	0	0	0	0	1	0	0	94	156	0	0	0	3	0	0
fsh-generated/resources/StructureDefinition-fr-cda-participant-corps.json	3899	9	0	14	0	0	0	0	0	14	0	0	0	0	0	0	0	0	0	0	57	135	0	0	0	2	0	0
fsh-generated/resources/StructureDefinition-fr-cda-participant-entete.json	5171	9	0	14	0	0	0	0	0	16	0	0	0	0	0	0	0	0	0	0	86	138	0	0	0	3	0	0
fsh-generated/resources/StructureDefinition-fr-cda-participant-role.json	3719	9	0	14	0	0	0	0	0	13	0	0	0	0	0	0	0	0	0	0	50	129	0	0	0	1	0	1
fsh-generated/resources/StructureDefinition-fr-cda-patient-avec-sujet-non-humain.json	4598	9	0	177	1	0	0	0	0	16	0	0	0	0	0	0	0	0	0	0	79	154	0	0	0	3	0	0
fsh-generated/resources/StructureDefinition-fr-cda-patient-role.json	3851	9	0	14	0	0	0	0	0	14	0	0	0	0	0	0	0	0	0	0	61	125	0	0	0	2	0	0
fsh-generated/resources/StructureDefinition-fr-cda-patient.json	4704	9	0	15	0	0	0	0	0	17	0	0	1	0	0	0	0	0	0	0	105	143	0	0	0	3	0	0
fsh-generated/resources/StructureDefinition-fr-cda-performer-corps.json	2783	9	0	23	0	0	0	0	0	13	0	0	0	0	0	0	0	0	0	0	43	128	0	0	0	1	0	0
fsh-generated/resources/StructureDefinition-fr-cda-performer.json	3199	8	0	25	0	0	0	0	0	14	0	0	0	0	0	0	0	1	0	0	67	140	0	0	0	3	0	0
fsh-generated/resources/StructureDefinition-fr-cda-periode-de-renouvellement.json	4615	9	0	17	0	0	0	0	0	15	0	0	0	0	0	0	0	0	0	0	70	150	0	0	0	2	0	1
fsh-generated/resources/StructureDefinition-fr-cda-plan-de-soins.json	8418	9	0	42	0	0	0	0	0	26	0	0	0	0	0	0	0	0	0	0	175	225	0	0	0	6	0	0
fsh-generated/resources/StructureDefinition-fr-cda-points-de-vigilances-non-code.json	3984	9	0	16	0	0	0	0	0	16	0	0	0	0	0	0	0	0	0	0	74	148	0	0	0	2	0	1
fsh-generated/resources/StructureDefinition-fr-cda-prelevement.json	15661	10	0	56	0	0	0	0	0	45	0	0	0	0	0	0	0	1	0	0	373	372	0	0	0	13	0	1
fsh-generated/resources/StructureDefinition-fr-cda-prescription-dispositifs-medicaux.json	5231	9	0	34	0	0	0	0	1	17	0	0	0	0	0	0	0	1	0	0	93	164	0	0	0	3	0	0
fsh-generated/resources/StructureDefinition-fr-cda-prescription-medicaments.json	5702	9	0	32	0	0	0	0	0	18	0	0	0	0	0	0	0	0	0	0	102	168	0	0	0	4	0	1
fsh-generated/resources/StructureDefinition-fr-cda-prescription.json	7206	9	0	23	0	0	0	0	0	24	0	0	1	0	0	0	0	0	0	0	181	256	0	0	0	6	0	0
fsh-generated/resources/StructureDefinition-fr-cda-probleme.json	15965	10	0	27	0	0	0	0	0	37	0	0	0	0	0	0	0	1	0	0	340	381	0	1	0	12	0	2
fsh-generated/resources/StructureDefinition-fr-cda-problemes-actifs.json	5426	9	0	21	0	0	0	0	0	18	0	0	0	0	0	0	0	0	0	0	108	178	0	0	0	4	0	0
fsh-generated/resources/StructureDefinition-fr-cda-produit-de-sante.json	5163	9	0	16	0	0	0	0	0	20	0	0	0	0	0	0	0	1	0	0	109	178	0	0	0	4	1	0
fsh-generated/resources/StructureDefinition-fr-cda-quantite-de-produit.json	4499	9	0	15	0	0	0	0	0	16	0	0	0	0	0	0	0	0	0	0	79	160	0	0	0	2	0	1
fsh-generated/resources/StructureDefinition-fr-cda-raison-de-la-recommandation-non-code.json	4590	9	0	17	0	0	0	0	0	55	0	0	0	0	0	0	0	0	0	0	85	161	0	0	0	3	0	0
fsh-generated/resources/StructureDefinition-fr-cda-raison-de-la-recommandation.json	6722	9	0	21	0	0	0	0	0	20	0	0	0	0	0	0	0	0	0	0	130	193	0	0	0	4	0	0
fsh-generated/resources/StructureDefinition-fr-cda-rang-de-la-vaccination.json	6648	9	0	17	0	0	0	0	0	20	0	0	0	0	0	0	0	1	0	0	123	193	0	0	0	5	0	1
fsh-generated/resources/StructureDefinition-fr-cda-recherche-de-micro-organismes.json	7099	9	0	21	0	0	0	0	0	20	0	0	0	0	0	0	0	0	0	0	133	199	0	0	0	4	0	0
fsh-generated/resources/StructureDefinition-fr-cda-record-target.json	2683	9	0	13	0	0	0	0	0	12	0	0	1	0	0	0	0	0	0	0	38	122	0	0	0	2	0	0
fsh-generated/resources/StructureDefinition-fr-cda-reference-interne.json	4151	9	0	15	0	0	0	0	0	15	0	0	0	0	0	0	0	0	0	0	69	154	0	0	0	2	0	1
fsh-generated/resources/StructureDefinition-fr-cda-reference-item-plan-traitement.json	8356	9	0	20	0	0	0	0	0	22	0	0	0	0	0	0	0	1	0	0	168	227	0	0	0	6	0	0
fsh-generated/resources/StructureDefinition-fr-cda-reference-item-prescription.json	8031	9	0	20	1	0	0	0	0	23	0	0	0	0	0	0	0	0	0	0	166	222	0	0	0	6	0	1
fsh-generated/resources/StructureDefinition-fr-cda-references-externes.json	5695	9	0	18	0	0	0	0	0	19	0	0	0	0	0	0	0	0	0	0	118	191	0	0	0	4	0	0
fsh-generated/resources/StructureDefinition-fr-cda-related-document.json	2929	9	0	13	0	0	0	0	0	12	0	0	0	0	0	0	0	0	0	0	36	125	0	0	0	2	0	0
fsh-generated/resources/StructureDefinition-fr-cda-related-entity.json	4547	9	0	16	0	0	0	0	0	15	0	0	0	0	0	0	0	1	0	0	71	136	0	0	0	2	0	0
fsh-generated/resources/StructureDefinition-fr-cda-rencontre.json	12431	10	0	21	0	0	0	0	0	28	0	0	0	0	0	0	0	0	0	0	209	235	0	0	0	7	0	1
fsh-generated/resources/StructureDefinition-fr-cda-represented-custodian-organization.json	4237	8	0	13	0	0	0	0	0	17	0	0	0	0	0	0	0	0	0	0	58	131	0	0	0	2	0	0
fsh-generated/resources/StructureDefinition-fr-cda-represented-organization.json	4414	9	0	14	0	0	0	0	0	15	0	0	0	0	0	0	0	0	0	0	63	149	0	0	0	2	0	0
fsh-generated/resources/StructureDefinition-fr-cda-resultat-examens-de-biologie-element-clinique-pertinent.json	18174	10	0	26	0	0	0	0	0	43	0	0	1	0	0	0	0	1	0	0	380	458	0	0	0	13	0	2
fsh-generated/resources/StructureDefinition-fr-cda-resultat.json	7994	9	0	22	0	0	0	0	0	22	0	0	0	0	0	0	0	0	0	0	164	233	0	0	0	6	0	0
fsh-generated/resources/StructureDefinition-fr-cda-resultats-de-biologie-de-seconde-intention.json	6175	9	0	20	0	0	0	0	0	18	0	0	0	0	0	0	0	1	0	0	110	188	0	0	0	4	0	1
fsh-generated/resources/StructureDefinition-fr-cda-resultats-evenements.json	6589	9	0	34	0	0	0	0	0	21	0	0	0	0	0	0	0	0	0	0	130	189	0	0	0	4	0	0
fsh-generated/resources/StructureDefinition-fr-cda-resultats-examens-de-biologie-medicale.json	14960	10	0	32	0	0	0	0	0	37	0	0	0	0	0	0	0	1	0	0	309	334	0	0	0	10	1	1
fsh-generated/resources/StructureDefinition-fr-cda-resultats-examens-non-code.json	4382	9	0	17	0	0	0	0	0	17	0	0	0	0	0	0	0	0	0	0	83	159	0	0	0	3	0	0
fsh-generated/resources/StructureDefinition-fr-cda-resultats-examens.json	7041	9	0	22	0	0	0	0	0	21	0	0	0	0	0	0	0	0	0	0	143	199	0	0	0	5	0	1
fsh-generated/resources/StructureDefinition-fr-cda-resultats.json	5770	9	0	19	0	0	0	0	0	17	0	0	1	0	0	0	0	1	0	0	82	154	0	0	0	3	0	0
fsh-generated/resources/StructureDefinition-fr-cda-section-antecedents-familiaux.json	5901	9	0	19	0	0	0	0	0	20	0	0	0	0	0	0	0	0	0	0	117	197	0	0	0	4	0	1
fsh-generated/resources/StructureDefinition-fr-cda-section-habitus-mode-de-vie.json	5917	9	0	20	0	0	0	0	0	19	0	0	0	0	0	0	0	0	0	0	118	179	0	0	0	4	0	0
fsh-generated/resources/StructureDefinition-fr-cda-section-resultats.json	4461	9	0	18	0	0	0	0	0	17	0	0	0	0	0	0	0	0	0	0	88	168	0	0	0	3	0	0
fsh-generated/resources/StructureDefinition-fr-cda-section-signes-vitaux.json	5932	9	0	27	0	0	0	0	0	20	0	0	0	0	0	0	0	1	0	0	118	206	0	0	0	4	0	1
fsh-generated/resources/StructureDefinition-fr-cda-service-event.json	8274	9	0	18	0	0	0	0	0	20	0	0	0	0	0	0	0	0	0	0	151	177	0	0	0	5	0	0
fsh-generated/resources/StructureDefinition-fr-cda-severite.json	5793	9	0	18	0	0	0	0	0	18	0	0	0	0	0	0	0	0	0	0	123	193	0	0	0	5	0	1
fsh-generated/resources/StructureDefinition-fr-cda-signe-vital-observe.json	8708	10	0	18	0	0	0	0	0	20	0	0	0	0	0	0	0	1	0	0	145	194	0	0	0	5	0	0
fsh-generated/resources/StructureDefinition-fr-cda-signes-vitaux.json	7091	9	0	18	0	0	0	0	0	18	0	0	0	0	0	0	0	0	0	0	132	183	0	1	0	5	0	1
fsh-generated/resources/StructureDefinition-fr-cda-simple-observation.json	8294	9	0	18	1	0	0	0	0	20	0	0	0	0	0	0	0	0	0	0	141	192	0	0	0	5	0	0
fsh-generated/resources/StructureDefinition-fr-cda-statut-clinique-du-patient.json	6401	9	0	18	0	0	0	0	0	18	0	0	1	0	0	0	0	0	0	0	127	189	0	0	1	5	0	1
fsh-generated/resources/StructureDefinition-fr-cda-statut-document.json	7153	9	0	21	0	0	0	0	0	23	0	0	0	0	0	0	0	1	0	0	133	193	0	0	0	5	0	0
fsh-generated/resources/StructureDefinition-fr-cda-statut-du-document.json	4626	9	0	19	0	0	0	0	0	16	0	0	0	0	0	0	0	0	0	0	89	163	0	0	0	3	0	0
fsh-generated/resources/StructureDefinition-fr-cda-statut-du-probleme.json	7105	9	0	18	0	0	0	0	0	20	0	0	0	0	0	0	0	0	0	0	137	188	0	0	0	5	0	1
fsh-generated/resources/StructureDefinition-fr-cda-statut-fonctionnel.json	6245	9	0	20	0	0	0	0	0	17	0	0	0	0	0	0	0	1	0	0	105	168	0	0	0	3	0	0
fsh-generated/resources/StructureDefinition-fr-cda-statut.json	9027	10	0	20	0	0	0	0	0	22	0	0	0	0	0	0	0	0	0	0	173	208	0	0	0	6	0	1
fsh-generated/resources/StructureDefinition-fr-cda-sujet-non-humain.json	4429	9	0	16	0	0	0	0	0	14	0	0	0	0	0	0	0	0	0	0	79	152	0	0	0	3	1	0
fsh-generated/resources/StructureDefinition-fr-cda-sujet-personne.json	3237	8	0	14	0	0	0	0	0	13	0	0	0	0	0	0	0	0	0	0	44	129	0	0	0	2	0	0
fsh-generated/resources/StructureDefinition-fr-cda-sujet.json	5665	9	0	15	0	0	0	0	0	15	0	0	0	0	0	0	0	0	0	0	87	153	0	0	0	3	0	0
fsh-generated/resources/StructureDefinition-fr-cda-synthese-medicale-sejour.json	6915	10	0	21	0	0	0	0	0	19	0	0	0	0	0	0	0	1	0	0	133	191	0	0	0	5	0	1
fsh-generated/resources/StructureDefinition-fr-cda-traitement-dispense.json	11829	9	0	24	0	0	0	0	0	26	0	0	1	0	0	0	0	0	0	0	245	345	0	0	0	8	0	1
fsh-generated/resources/StructureDefinition-fr-cda-traitement-prescrit-subordonne.json	10576	9	0	19	0	0	0	0	0	21	0	0	0	0	0	0	0	1	0	0	158	209	0	0	0	6	0	0
fsh-generated/resources/StructureDefinition-fr-cda-traitement-prescrit.json	45221	11	0	49	0	0	0	0	0	162	0	0	0	0	0	0	0	2	0	0	845	717	0	0	0	28	0	3
fsh-generated/resources/StructureDefinition-fr-cda-traitement-subordonne.json	11726	9	0	19	0	0	0	0	0	21	0	0	1	0	0	0	0	0	0	0	172	213	0	0	0	6	0	1
fsh-generated/resources/StructureDefinition-fr-cda-traitement.json	34427	10	0	35	0	0	0	0	0	49	0	0	0	0	0	0	0	1	0	0	593	558	0	0	0	20	0	1
fsh-generated/resources/StructureDefinition-fr-cda-traitements-a-la-sortie.json	5139	10	0	24	0	0	0	0	0	17	0	0	0	0	0	0	0	1	0	0	100	172	0	0	0	4	0	1
fsh-generated/resources/StructureDefinition-fr-cda-traitements-administres.json	5038	9	0	19	0	0	0	0	0	17	0	0	0	0	0	0	0	0	0	0	98	168	0	0	0	3	0	0
fsh-generated/resources/StructureDefinition-fr-cda-traitements.json	5361	9	0	19	0	0	0	0	0	16	0	0	0	0	0	0	0	0	0	0	108	175	0	0	0	4	0	1
fsh-generated/resources/StructureDefinition-fr-cda-transfusion-de-produits-sanguins.json	6897	9	0	21	0	0	0	0	0	19	0	0	0	0	0	0	0	0	0	0	133	200	0	0	0	5	1	0
fsh-generated/resources/StructureDefinition-fr-cda-transport-du-patient.json	7678	9	0	17	0	0	0	0	0	19	0	0	0	0	0	0	0	1	0	0	133	201	0	0	0	5	0	0
fsh-generated/resources/StructureDefinition-fr-cda-transport-du-professionnel.json	8772	9	0	19	1	0	0	0	0	21	0	0	0	0	0	0	0	0	0	0	153	201	0	0	0	5	0	1
fsh-generated/resources/StructureDefinition-fr-cda-type-document-attache.json	8771	9	0	21	0	0	0	0	0	21	0	0	1	0	0	0	0	0	0	0	165	225	0	0	0	7	0	1
fsh-generated/resources/StructureDefinition-fr-cda-vaccin-recommande.json	11934	10	0	22	0	0	0	0	0	28	0	0	0	0	0	0	0	1	0	0	217	251	0	1	0	7	0	0
fsh-generated/resources/StructureDefinition-fr-cda-vaccination.json	16210	9	0	31	0	0	0	0	0	30	0	0	0	0	0	0	0	1	0	0	277	300	0	0	0	10	0	1
fsh-generated/resources/StructureDefinition-fr-cda-vaccinations.json	5433	9	0	19	0	0	0	0	0	18	0	0	0	0	0	0	0	0	0	0	108	174	0	0	0	4	0	0
fsh-generated/resources/StructureDefinition-fr-comparison-studies-extension.json	1535	9	0	14	0	0	0	0	0	11	0	0	0	0	0	0	0	0	0	0	25	142	0	0	0	1	0	0
fsh-generated/resources/StructureDefinition-fr-composition-document.json	21761	10	0	138	0	0	0	0	0	71	0	0	0	0	0	0	0	1	0	0	657	798	0	0	0	22	0	3
fsh-generated/resources/StructureDefinition-fr-condition-document.json	7367	9	0	26	0	0	0	0	0	28	0	0	1	0	0	0	0	1	0	0	213	1725	0	0	0	9	0	0
fsh-generated/resources/StructureDefinition-fr-device-auteur-document.json	1623	9	0	19	0	0	0	0	0	18	0	0	0	0	0	0	0	0	0	0	121	192	0	0	0	4	0	1
fsh-generated/resources/StructureDefinition-fr-device-request-document.json	7905	9	0	28	0	0	0	0	0	25	0	0	0	0	0	0	0	1	0	0	222	277	0	0	0	8	0	1
fsh-generated/resources/StructureDefinition-fr-device-use-statement-document.json	6247	9	0	21	0	0	0	0	0	20	0	0	0	0	0	0	0	0	0	0	144	226	0	0	0	6	0	0
fsh-generated/resources/StructureDefinition-fr-diagnostic-report-bio-chapter-document.json	6077	9	0	22	0	0	0	0	0	20	0	0	0	0	0	0	0	1	0	0	162	215	0	0	0	6	0	1
fsh-generated/resources/StructureDefinition-fr-diagnostic-report-document.json	5064	9	0	32	0	0	0	0	0	25	0	0	0	0	0	0	0	0	0	0	193	270	0	0	0	8	1	0
fsh-generated/resources/StructureDefinition-fr-diagnostic-report-imaging-document.json	9434	9	0	28	0	0	0	0	1	23	0	0	0	0	0	0	0	1	0	0	194	237	0	1	0	7	0	1
fsh-generated/resources/StructureDefinition-fr-dispositifs-medicaux.json	5466	9	0	20	0	0	0	0	0	18	0	0	0	0	0	0	0	0	0	0	126	212	0	0	0	4	0	0
fsh-generated/resources/StructureDefinition-fr-document-reference-document.json	2885	9	0	38	0	0	0	0	0	19	0	0	0	0	0	0	0	0	0	0	151	211	0	0	0	6	0	1
fsh-generated/resources/StructureDefinition-fr-encounter-care-document.json	4529	9	0	46	0	0	0	0	0	30	0	0	0	0	0	0	0	1	0	0	289	354	0	0	0	11	0	1
fsh-generated/resources/StructureDefinition-fr-encounter-document.json	7205	9	0	54	0	0	0	0	0	34	0	0	0	0	0	0	0	1	0	0	291	294	0	0	0	11	0	1
fsh-generated/resources/StructureDefinition-fr-endpoint-wado-document.json	1713	9	0	30	0	0	0	0	0	15	0	0	0	0	0	0	0	0	0	0	70	150	0	0	0	3	0	0
fsh-generated/resources/StructureDefinition-fr-family-member-history-body-site-extension.json	1767	9	0	28	0	0	0	0	0	12	0	0	0	0	0	0	0	0	0	0	47	131	0	0	0	1	0	1
fsh-generated/resources/StructureDefinition-fr-family-member-history-document.json	6546	9	0	37	0	0	0	0	0	23	0	0	0	0	0	0	0	0	0	0	152	206	0	0	0	6	0	0
fsh-generated/resources/StructureDefinition-fr-human-name-document.json	1307	15	0	15	1	0	0	0	0	12	0	0	0	0	0	0	0	1	0	0	35	126	0	0	0	1	0	0
fsh-generated/resources/StructureDefinition-fr-imaging-procedure-extension.json	1565	9	0	13	0	0	0	0	0	11	0	0	0	0	0	0	0	0	0	0	25	138	0	0	0	1	0	0
fsh-generated/resources/StructureDefinition-fr-imaging-study-document.json	6932	9	0	26	0	0	0	0	0	20	0	0	1	0	0	0	0	0	0	0	163	224	0	0	0	6	0	1
fsh-generated/resources/StructureDefinition-fr-immunization-document.json	12270	9	0	53	0	0	0	0	0	78	0	0	0	0	0	0	0	1	0	0	336	317	0	0	0	12	0	1
fsh-generated/resources/StructureDefinition-fr-immunization-recommendation-document.json	6193	9	0	39	0	0	0	0	0	25	0	0	0	0	0	0	0	0	0	0	157	203	0	0	0	6	0	0
fsh-generated/resources/StructureDefinition-fr-immunization-type-extension.json	1690	9	0	17	0	0	0	0	0	11	0	0	0	0	0	0	0	0	0	0	27	117	0	0	0	1	0	0
fsh-generated/resources/StructureDefinition-fr-interpretation-extension.json	1692	9	0	13	0	0	0	0	0	11	0	0	0	0	0	0	0	0	0	0	25	115	0	0	0	1	0	1
fsh-generated/resources/StructureDefinition-fr-lm-addendum.json	1494	9	0	28	0	0	0	0	0	12	0	0	0	0	0	0	0	0	0	0	25	118	0	0	0	1	0	0
fsh-generated/resources/StructureDefinition-fr-lm-administration-blood-derivatives.json	1977	8	0	31	0	0	0	0	0	11	0	0	0	0	0	0	0	0	0	0	28	124	0	0	0	1	0	0
fsh-generated/resources/StructureDefinition-fr-lm-admission-evaluation.json	3373	9	0	15	0	0	0	0	0	12	0	0	0	0	0	0	0	0	0	0	42	121	0	0	0	1	0	0
fsh-generated/resources/StructureDefinition-fr-lm-advance-directive.json	3238	9	0	25	0	0	0	0	0	26	0	0	0	0	0	0	0	0	0	0	47	129	0	0	0	1	0	0
fsh-generated/resources/StructureDefinition-fr-lm-advance-directives.json	1983	9	0	15	0	0	0	0	0	12	0	0	0	0	0	0	0	0	0	0	28	123	0	0	0	1	0	0
fsh-generated/resources/StructureDefinition-fr-lm-adverse-event-during-hospitalization.json	2179	9	0	14	0	0	0	0	0	11	0	0	0	0	0	0	0	0	0	0	29	127	0	0	0	1	0	0
fsh-generated/resources/StructureDefinition-fr-lm-adverse-event-following-administration-blood-derivatives.json	2507	8	0	14	0	0	0	0	0	12	0	0	0	0	0	0	0	1	0	0	31	132	0	0	0	1	0	0
fsh-generated/resources/StructureDefinition-fr-lm-adverse-event.json	3898	9	0	18	0	0	0	0	0	12	0	0	0	0	0	0	0	0	0	0	41	134	0	0	0	1	0	0
fsh-generated/resources/StructureDefinition-fr-lm-alert.json	3156	9	0	15	0	0	0	0	0	15	0	0	0	0	0	0	0	0	0	0	39	134	0	0	0	1	0	0
fsh-generated/resources/StructureDefinition-fr-lm-alerts.json	1760	9	0	14	0	0	0	0	0	11	0	0	0	0	0	0	0	0	0	0	26	122	0	0	0	1	0	0
fsh-generated/resources/StructureDefinition-fr-lm-allergies-and-intolerances.json	2338	9	0	14	0	0	0	0	0	11	0	0	0	0	0	0	0	0	0	0	29	120	0	0	0	1	0	0
fsh-generated/resources/StructureDefinition-fr-lm-allergy-intolerance.json	9335	9	0	19	1	0	0	0	0	20	0	0	0	0	0	0	0	0	0	0	96	171	0	0	0	3	0	1
fsh-generated/resources/StructureDefinition-fr-lm-assessments.json	1766	9	0	15	0	0	0	0	0	11	0	0	0	0	0	0	0	0	0	0	26	124	0	0	0	1	0	0
fsh-generated/resources/StructureDefinition-fr-lm-attachment.json	3195	8	0	14	0	0	0	0	0	13	0	0	0	0	0	0	0	0	0	0	38	129	0	0	0	2	0	0
fsh-generated/resources/StructureDefinition-fr-lm-attachments.json	2249	9	0	14	0	0	0	0	0	11	0	0	0	0	0	0	0	0	0	0	28	121	0	0	0	0	0	0
fsh-generated/resources/StructureDefinition-fr-lm-batterie-examens-biologie-medicale.json	5010	9	0	14	0	0	0	0	0	13	0	0	0	0	0	0	0	0	0	0	50	129	0	0	0	2	0	0
fsh-generated/resources/StructureDefinition-fr-lm-body-structure.json	3075	9	0	14	0	0	0	0	0	13	0	0	0	0	0	0	0	0	0	0	27	116	0	0	0	1	0	0
fsh-generated/resources/StructureDefinition-fr-lm-care-plan.json	2382	9	0	14	0	0	0	0	0	12	0	0	0	0	0	0	0	0	0	0	33	125	0	0	0	1	0	0
fsh-generated/resources/StructureDefinition-fr-lm-care-plans.json	1815	12	0	23	0	0	0	0	0	12	0	0	0	0	0	0	0	0	0	0	27	117	0	0	0	1	0	0
fsh-generated/resources/StructureDefinition-fr-lm-comparison-study.json	1653	17	0	23	0	0	0	0	0	11	0	0	0	0	0	0	0	0	0	0	25	116	0	1	0	0	0	0
fsh-generated/resources/StructureDefinition-fr-lm-conclusion.json	2175	17	0	14	0	0	0	0	0	13	0	0	0	0	0	0	0	0	0	0	34	120	0	0	0	1	0	0
fsh-generated/resources/StructureDefinition-fr-lm-condition.json	6602	16	0	17	0	0	0	0	0	17	0	0	0	0	0	0	0	1	0	0	71	152	0	0	0	3	0	0
fsh-generated/resources/StructureDefinition-fr-lm-consentement.json	2265	12	0	14	0	0	0	0	0	13	0	0	0	0	0	0	0	0	0	0	22	113	0	0	0	1	0	0
fsh-generated/resources/StructureDefinition-fr-lm-corps-document.json	19768	9	0	17	0	0	0	0	0	22	0	0	0	0	0	0	0	0	0	0	141	151	0	0	0	4	0	1
fsh-generated/resources/StructureDefinition-fr-lm-course-of-encounter.json	4431	9	0	17	0	0	0	0	0	13	0	0	0	0	0	0	0	0	0	0	44	122	0	0	0	1	0	0
fsh-generated/resources/StructureDefinition-fr-lm-destinataire-prevu.json	2818	9	0	13	0	0	0	0	0	12	0	0	0	0	0	0	0	0	0	0	28	113	0	0	0	1	0	0
fsh-generated/resources/StructureDefinition-fr-lm-device-use.json	5107	9	0	17	1	0	0	0	0	291	0	0	0	0	0	0	0	0	0	0	66	147	0	0	0	2	1	0
fsh-generated/resources/StructureDefinition-fr-lm-device.json	6128	9	0	14	0	0	0	0	0	13	0	0	0	0	0	0	0	0	0	0	52	125	0	0	0	2	0	0
fsh-generated/resources/StructureDefinition-fr-lm-dicom-medication-administration.json	4960	9	0	16	0	0	0	0	0	14	0	0	0	0	0	0	0	0	0	0	58	138	0	0	0	2	0	0
fsh-generated/resources/StructureDefinition-fr-lm-dicom-study-metadata.json	1972	9	0	14	0	0	0	0	0	12	0	0	0	0	0	0	0	0	0	0	28	115	0	0	0	1	0	0
fsh-generated/resources/StructureDefinition-fr-lm-document-reference.json	1936	9	0	13	0	0	0	0	0	10	0	0	0	0	0	0	0	0	0	0	18	110	0	0	0	0	0	0
fsh-generated/resources/StructureDefinition-fr-lm-dosageInstructions.json	17256	9	0	17	0	0	0	0	0	21	0	0	0	0	0	0	0	0	0	0	139	150	0	0	0	4	0	0
fsh-generated/resources/StructureDefinition-fr-lm-dose-number.json	4434	9	0	14	0	0	0	0	0	12	0	0	0	0	0	0	0	0	0	0	40	121	0	0	0	2	0	1
fsh-generated/resources/StructureDefinition-fr-lm-encounter-information.json	2376	9	0	15	0	0	0	0	0	17	0	0	0	0	0	0	0	0	0	0	31	119	0	0	0	1	0	0
fsh-generated/resources/StructureDefinition-fr-lm-encounter.json	1982	9	0	15	0	0	0	0	0	12	0	0	0	0	0	0	0	0	0	0	29	122	0	0	0	1	0	0
fsh-generated/resources/StructureDefinition-fr-lm-endpoint.json	1981	8	0	14	0	0	0	0	0	11	0	0	0	0	0	0	0	1	0	0	28	122	0	0	0	0	0	0
fsh-generated/resources/StructureDefinition-fr-lm-entete-document.json	11747	10	0	17	0	0	0	0	0	17	0	0	1	0	0	0	0	0	0	0	90	137	0	0	0	3	0	0
fsh-generated/resources/StructureDefinition-fr-lm-entry.json	7981	9	0	0	0	0	0	0	0	14	0	0	0	0	0	0	0	0	0	0	69	148	0	0	0	2	0	0
fsh-generated/resources/StructureDefinition-fr-lm-evenement.json	7017	9	0	16	0	0	0	0	0	14	0	0	0	0	0	0	0	0	0	0	59	127	0	0	0	2	0	0
fsh-generated/resources/StructureDefinition-fr-lm-evolution-adverse-event.json	1762	9	0	14	0	0	0	0	0	11	0	0	0	0	0	0	0	0	0	0	18	113	0	0	0	1	0	0
fsh-generated/resources/StructureDefinition-fr-lm-examination-report.json	3758	8	0	14	0	0	0	0	0	12	0	0	0	0	0	0	0	0	0	0	44	123	0	0	0	1	0	0
fsh-generated/resources/StructureDefinition-fr-lm-exposure-information.json	2573	9	0	15	0	0	0	0	0	11	0	0	0	0	0	0	0	0	0	0	25	117	0	0	0	1	0	0
fsh-generated/resources/StructureDefinition-fr-lm-family-medical-history.json	2042	9	0	14	1	0	0	0	0	11	0	0	0	0	0	0	0	0	0	0	26	118	0	0	0	1	0	0
fsh-generated/resources/StructureDefinition-fr-lm-family-member-history.json	4843	9	0	17	0	0	0	0	0	226	0	0	0	0	0	0	0	0	0	0	63	138	0	0	0	2	0	0
fsh-generated/resources/StructureDefinition-fr-lm-functional-status.json	1965	9	0	14	0	0	0	0	0	12	0	0	0	0	0	0	0	0	0	0	27	118	0	0	0	1	0	0
fsh-generated/resources/StructureDefinition-fr-lm-hazardous-working-conditions.json	1678	8	0	14	0	0	0	0	0	10	0	0	0	0	0	0	0	0	0	0	23	118	0	0	0	0	0	1
fsh-generated/resources/StructureDefinition-fr-lm-health-professional.json	6499	9	0	14	0	0	0	0	0	14	0	0	0	0	0	0	0	0	0	0	55	129	0	0	0	2	0	0
fsh-generated/resources/StructureDefinition-fr-lm-history-of-past-illness.json	2157	9	0	14	0	0	0	0	0	11	0	0	0	0	0	0	0	0	0	0	29	120	0	0	0	1	0	0
fsh-generated/resources/StructureDefinition-fr-lm-hors-amm.json	1688	9	0	14	0	0	0	0	0	11	0	0	0	0	0	0	0	0	0	0	26	122	0	0	0	1	0	0
fsh-generated/resources/StructureDefinition-fr-lm-hospital-discharge-medications.json	2178	9	0	14	0	0	0	0	0	11	0	0	0	0	0	0	0	0	0	0	26	115	0	0	0	1	0	0
fsh-generated/resources/StructureDefinition-fr-lm-human-name.json	3558	9	0	14	0	0	0	0	0	12	0	0	0	0	0	0	0	0	0	0	33	117	0	0	0	1	0	0
fsh-generated/resources/StructureDefinition-fr-lm-identification-de-micro-organismes-multiresistants.json	2278	9	0	14	0	0	0	0	0	11	0	0	0	0	0	0	0	0	0	0	30	122	0	0	0	1	0	0
fsh-generated/resources/StructureDefinition-fr-lm-imaging-study.json	5041	9	0	15	0	0	0	0	0	14	0	0	0	0	0	0	0	0	0	0	52	131	0	0	0	1	0	0
fsh-generated/resources/StructureDefinition-fr-lm-immunisation.json	6639	73	0	17	1	0	0	0	0	16	0	0	0	0	0	0	0	1	0	0	72	147	0	0	0	3	0	0
fsh-generated/resources/StructureDefinition-fr-lm-immunisations.json	1863	9	0	14	0	0	0	0	0	11	0	0	0	0	0	0	0	0	0	0	28	118	0	0	0	1	0	0
fsh-generated/resources/StructureDefinition-fr-lm-immunization-recommendation.json	5193	9	0	16	0	0	0	0	0	14	0	0	0	0	0	0	0	0	0	0	51	129	0	0	0	1	0	0
fsh-generated/resources/StructureDefinition-fr-lm-imputabilite-effet-indesirable.json	1933	9	0	15	0	0	0	0	0	11	0	0	0	0	0	0	0	0	0	0	28	126	0	0	0	1	0	1
fsh-generated/resources/StructureDefinition-fr-lm-informant.json	3422	9	0	13	0	0	0	0	0	11	0	0	0	0	0	0	0	0	0	0	30	113	0	0	0	1	0	0
fsh-generated/resources/StructureDefinition-fr-lm-isolat-microbiologique.json	7047	9	0	16	0	0	0	0	0	14	0	0	0	0	0	0	0	0	0	0	69	134	0	0	0	2	0	0
fsh-generated/resources/StructureDefinition-fr-lm-laboratoire-executant.json	1838	9	0	13	0	0	0	0	0	11	0	0	0	0	0	0	0	0	0	0	22	110	0	0	0	1	0	0
fsh-generated/resources/StructureDefinition-fr-lm-laboratory-observation.json	1132	8	0	14	0	0	0	0	0	11	0	0	0	0	0	0	0	0	0	0	22	118	0	0	0	1	0	0
fsh-generated/resources/StructureDefinition-fr-lm-location.json	3630	9	0	14	0	0	0	0	0	12	0	0	0	0	0	0	0	0	0	0	32	115	0	0	0	1	0	0
fsh-generated/resources/StructureDefinition-fr-lm-medical-device-prescriptions.json	2133	9	0	14	0	0	0	0	0	11	0	0	0	0	0	0	0	0	0	0	26	114	0	0	0	0	0	0
fsh-generated/resources/StructureDefinition-fr-lm-medical-devices-and-implants.json	2092	9	0	13	0	0	0	0	0	11	0	0	0	0	0	0	0	0	0	0	28	115	0	0	0	1	0	0
fsh-generated/resources/StructureDefinition-fr-lm-medication-administration.json	2743	9	0	15	0	0	0	0	0	12	0	0	0	0	0	0	0	0	0	0	40	123	0	0	0	2	0	0
fsh-generated/resources/StructureDefinition-fr-lm-medication-dispensations.json	2223	8	0	13	0	0	0	0	0	12	0	0	0	0	0	0	0	0	0	0	30	117	0	0	0	0	0	0
fsh-generated/resources/StructureDefinition-fr-lm-medication-dispense.json	5947	9	0	16	0	0	0	0	0	15	0	0	0	0	0	0	0	0	0	0	62	129	0	0	0	2	0	0
fsh-generated/resources/StructureDefinition-fr-lm-medication-prescription.json	2061	9	0	13	1	0	0	0	0	11	0	0	0	0	0	0	0	0	0	0	26	115	0	0	0	1	0	0
fsh-generated/resources/StructureDefinition-fr-lm-medication-summary.json	1965	9	0	14	0	0	0	0	0	11	0	0	0	0	0	0	0	0	0	0	28	114	1	0	0	1	0	0
fsh-generated/resources/StructureDefinition-fr-lm-medication.json	15944	10	0	17	0	0	0	0	0	23	0	0	0	0	0	0	0	1	0	0	146	153	0	0	0	5	0	1
fsh-generated/resources/StructureDefinition-fr-lm-modalite-entree.json	1938	9	0	14	0	0	0	0	0	12	0	0	0	0	0	0	0	0	0	0	28	124	0	0	0	1	0	0
fsh-generated/resources/StructureDefinition-fr-lm-modalite-sortie.json	1883	8	0	14	0	0	0	0	0	11	0	0	0	0	0	0	0	0	0	0	27	123	0	0	0	0	0	0
fsh-generated/resources/StructureDefinition-fr-lm-non-remboursable.json	1720	9	0	15	0	0	0	0	0	12	0	0	0	0	0	0	0	0	0	0	26	119	0	0	0	1	0	0
fsh-generated/resources/StructureDefinition-fr-lm-note.json	1350	9	0	13	0	0	0	0	0	10	0	0	0	0	0	0	0	0	0	0	22	114	0	0	0	1	0	0
fsh-generated/resources/StructureDefinition-fr-lm-observation-assessment.json	4808	9	0	15	0	0	0	0	0	14	0	0	0	0	0	0	0	0	0	0	54	129	0	0	0	2	0	0
fsh-generated/resources/StructureDefinition-fr-lm-observation-long-term-condition.json	2004	9	0	14	0	0	0	0	0	12	0	0	0	0	0	0	0	0	0	0	29	119	0	0	0	1	0	0
fsh-generated/resources/StructureDefinition-fr-lm-observation-media.json	2712	8	0	16	0	0	0	0	0	13	0	0	0	0	0	0	0	0	0	0	46	138	0	0	0	1	0	0
fsh-generated/resources/StructureDefinition-fr-lm-observation-related-to-prevention.json	1988	9	0	14	0	0	0	0	0	11	0	0	0	0	0	0	0	0	0	0	28	122	0	0	0	1	0	0
fsh-generated/resources/StructureDefinition-fr-lm-observation-result.json	12447	9	0	23	0	0	0	0	0	20	0	0	0	0	0	0	0	0	0	0	121	150	0	0	0	4	0	1
fsh-generated/resources/StructureDefinition-fr-lm-observation-results.json	1952	9	0	15	0	0	0	0	0	12	0	0	0	0	0	0	0	0	0	0	28	115	0	0	0	1	0	0
fsh-generated/resources/StructureDefinition-fr-lm-observation-social-history.json	4024	9	0	17	0	0	0	0	0	13	0	0	0	0	0	0	0	0	0	0	46	127	0	0	0	1	0	0
fsh-generated/resources/StructureDefinition-fr-lm-observation-vital-sign.json	4438	9	0	15	0	0	0	0	0	14	0	0	0	0	0	0	0	0	0	0	52	130	0	1	0	2	0	0
fsh-generated/resources/StructureDefinition-fr-lm-observation-work-related-accident.json	2000	9	0	14	0	0	0	0	0	12	0	0	0	0	0	0	0	0	0	0	28	121	0	0	0	1	0	0
fsh-generated/resources/StructureDefinition-fr-lm-observation.json	3303	9	0	15	1	0	0	0	0	13	0	0	0	0	0	0	0	1	0	0	48	129	0	0	0	1	0	0
fsh-generated/resources/StructureDefinition-fr-lm-operateur-saisie.json	2063	8	0	13	0	0	0	0	0	12	0	0	0	0	0	0	0	0	0	0	23	111	0	0	0	1	0	0
fsh-generated/resources/StructureDefinition-fr-lm-order-information.json	1991	9	0	14	0	0	0	0	0	11	0	0	0	0	0	0	0	0	0	0	27	114	0	0	0	1	0	0
fsh-generated/resources/StructureDefinition-fr-lm-organisation.json	3932	9	0	14	0	0	0	0	0	13	0	0	0	0	0	0	0	0	0	0	34	115	0	0	0	1	0	0
fsh-generated/resources/StructureDefinition-fr-lm-participant.json	5035	9	0	14	0	0	0	0	0	15	0	0	0	0	0	0	0	0	0	0	41	117	0	0	0	1	0	0
fsh-generated/resources/StructureDefinition-fr-lm-patient-education.json	2636	9	0	14	0	0	0	0	0	11	0	0	0	0	0	0	0	0	0	0	31	117	0	0	0	1	0	0
fsh-generated/resources/StructureDefinition-fr-lm-patient-history.json	1914	9	0	14	0	0	0	0	0	12	0	0	0	0	0	0	0	0	0	0	27	116	0	0	0	1	0	0
fsh-generated/resources/StructureDefinition-fr-lm-patient-story.json	1856	9	0	14	0	0	0	0	0	12	0	0	0	0	0	0	0	0	0	0	28	114	0	0	0	1	0	0
fsh-generated/resources/StructureDefinition-fr-lm-patient-sujet-non-humain.json	1767	8	0	13	0	0	0	0	0	11	0	0	1	0	0	0	0	0	0	0	18	109	0	0	0	0	0	0
fsh-generated/resources/StructureDefinition-fr-lm-patient-transfer.json	1776	9	0	14	0	0	0	0	0	12	0	0	0	0	0	0	0	0	0	0	32	119	0	0	0	1	0	1
fsh-generated/resources/StructureDefinition-fr-lm-patient.json	16266	10	0	19	0	0	0	0	0	22	0	0	0	0	0	0	0	0	0	0	140	167	0	0	0	5	0	0
fsh-generated/resources/StructureDefinition-fr-lm-predictable-adverse-drug-reaction.json	2329	9	0	14	0	0	0	0	0	12	0	0	0	0	0	0	0	0	0	0	30	116	0	0	0	1	0	0
fsh-generated/resources/StructureDefinition-fr-lm-pregnancy-history.json	8358	9	0	16	0	0	0	0	0	19	0	0	0	0	0	0	0	0	0	0	105	144	0	0	0	3	0	0
fsh-generated/resources/StructureDefinition-fr-lm-pregnancy-observation.json	11775	9	0	16	0	0	0	0	0	22	0	0	0	0	0	0	0	0	0	0	133	156	0	0	0	4	0	0
fsh-generated/resources/StructureDefinition-fr-lm-pregnancy-status.json	7161	9	0	15	0	0	0	0	0	18	0	0	0	0	0	0	0	0	0	0	82	139	0	0	0	3	0	0
fsh-generated/resources/StructureDefinition-fr-lm-prescription-entree.json	2531	9	0	15	1	0	0	0	0	12	0	0	0	0	0	0	0	1	0	0	33	122	0	0	0	1	0	0
fsh-generated/resources/StructureDefinition-fr-lm-prescription-item.json	11698	9	0	16	0	0	0	0	0	20	0	0	0	0	0	0	0	0	0	0	120	149	0	0	0	3	0	1
fsh-generated/resources/StructureDefinition-fr-lm-prescription.json	1896	9	0	13	0	0	0	0	0	10	0	0	0	0	0	0	0	0	0	0	18	110	0	0	0	1	0	0
fsh-generated/resources/StructureDefinition-fr-lm-presented-form.json	2038	9	0	14	0	0	0	0	0	12	0	0	0	0	0	0	0	0	0	0	28	115	0	0	0	1	0	0
fsh-generated/resources/StructureDefinition-fr-lm-prise-en-charge.json	9595	9	0	16	0	0	0	0	0	15	0	0	0	0	0	0	0	0	0	0	78	132	0	0	0	3	0	0
fsh-generated/resources/StructureDefinition-fr-lm-problems.json	1768	9	0	13	0	0	0	0	0	12	0	0	0	0	0	0	0	0	0	0	27	114	0	0	0	0	0	0
fsh-generated/resources/StructureDefinition-fr-lm-procedure.json	8210	9	0	18	0	0	0	0	0	18	0	0	0	0	0	0	0	0	0	0	88	155	0	0	0	3	0	0
fsh-generated/resources/StructureDefinition-fr-lm-procedures.json	1814	9	0	14	0	0	0	0	0	12	0	0	0	0	0	0	0	0	0	0	27	117	0	0	0	1	0	0
fsh-generated/resources/StructureDefinition-fr-lm-qr-code.json	1723	9	0	14	0	0	0	0	0	11	0	0	0	0	0	0	0	0	0	0	25	114	0	0	0	1	0	0
fsh-generated/resources/StructureDefinition-fr-lm-quantity-exposure.json	2808	9	0	14	0	0	0	0	0	13	0	0	0	0	0	0	0	0	0	0	38	122	0	0	0	1	0	0
fsh-generated/resources/StructureDefinition-fr-lm-reason-for-referral.json	2386	9	0	14	0	0	0	0	0	12	0	0	0	0	0	0	0	0	0	0	28	115	0	0	0	1	0	0
fsh-generated/resources/StructureDefinition-fr-lm-recherche-de-micro-organismes.json	1886	8	0	15	0	0	0	0	0	11	0	0	0	0	0	0	0	0	0	0	28	120	0	0	0	1	0	1
fsh-generated/resources/StructureDefinition-fr-lm-recommendation.json	1916	9	0	14	0	0	0	0	0	12	0	0	0	0	0	0	0	0	0	0	27	114	0	0	0	1	0	0
fsh-generated/resources/StructureDefinition-fr-lm-reference-item-prescription.json	3689	9	0	14	0	0	0	0	0	13	0	0	0	0	0	0	0	0	0	0	41	123	0	0	0	1	0	0
fsh-generated/resources/StructureDefinition-fr-lm-related-person.json	8150	9	0	20	1	0	0	0	0	17	0	0	0	0	0	0	0	1	0	0	88	139	0	0	0	3	0	0
fsh-generated/resources/StructureDefinition-fr-lm-responsable.json	3216	9	0	14	0	0	0	0	0	11	0	0	0	0	0	0	0	0	0	0	29	114	0	0	0	1	0	0
fsh-generated/resources/StructureDefinition-fr-lm-result-data.json	1933	9	0	14	0	0	0	0	0	12	0	0	0	0	0	0	0	0	0	0	26	115	0	0	0	1	0	0
fsh-generated/resources/StructureDefinition-fr-lm-resultat-examens-biologie-element-clinique-pertinent.json	7513	9	0	15	0	0	0	0	0	15	0	0	0	0	0	0	0	0	0	0	78	133	0	0	0	2	0	0
fsh-generated/resources/StructureDefinition-fr-lm-resultats-entree.json	1760	9	0	15	0	0	0	0	0	12	0	0	0	0	0	0	0	0	0	0	27	120	0	0	0	1	0	0
fsh-generated/resources/StructureDefinition-fr-lm-resultats-examens-biologie-medicale.json	5866	8	0	15	0	0	0	0	0	14	0	0	0	0	0	0	0	0	0	0	60	130	0	0	0	2	1	0
fsh-generated/resources/StructureDefinition-fr-lm-section-pregnancy-history.json	2920	9	0	14	0	0	0	0	0	12	0	0	0	0	0	0	0	0	0	0	35	146	0	0	0	1	0	0
fsh-generated/resources/StructureDefinition-fr-lm-section-travel-history.json	2324	9	0	14	0	0	0	0	0	12	0	0	0	0	0	0	0	0	0	0	31	117	0	0	0	1	0	0
fsh-generated/resources/StructureDefinition-fr-lm-section.json	4571	9	0	0	0	0	0	0	0	12	0	0	0	0	0	0	0	0	0	0	40	118	0	0	0	1	0	1
fsh-generated/resources/StructureDefinition-fr-lm-series.json	4563	9	0	15	0	0	0	0	0	14	0	0	0	0	0	0	0	0	0	0	46	131	0	0	0	1	0	0
fsh-generated/resources/StructureDefinition-fr-lm-service-request.json	6305	9	0	15	0	0	0	0	0	15	0	0	0	0	0	0	0	0	0	0	77	137	0	0	0	3	0	0
fsh-generated/resources/StructureDefinition-fr-lm-severity-adverse-event.json	1776	9	0	14	0	0	0	0	0	11	0	0	0	0	0	0	0	0	0	0	18	111	0	0	0	0	0	0
fsh-generated/resources/StructureDefinition-fr-lm-social-history.json	1952	9	0	14	0	0	0	0	0	11	0	0	0	0	0	0	0	0	0	0	27	115	0	0	0	1	0	0
fsh-generated/resources/StructureDefinition-fr-lm-sop-instance.json	2404	9	0	15	0	0	0	0	0	12	0	0	0	0	0	0	0	0	0	0	35	123	0	0	0	1	0	0
fsh-generated/resources/StructureDefinition-fr-lm-specimen.json	10430	9	0	16	0	0	0	0	0	20	0	0	0	0	0	0	0	0	0	0	109	145	0	0	0	4	0	0
fsh-generated/resources/StructureDefinition-fr-lm-status-document-entry.json	1887	9	0	15	1	0	0	0	0	11	0	0	0	0	0	0	0	0	0	0	29	141	0	0	0	1	0	0
fsh-generated/resources/StructureDefinition-fr-lm-status-document.json	2075	8	0	14	0	0	0	0	0	12	0	0	0	0	0	0	0	0	0	0	27	115	0	0	0	1	0	0
fsh-generated/resources/StructureDefinition-fr-lm-status.json	1722	9	0	14	0	0	0	0	0	12	0	0	0	0	0	0	0	1	0	0	30	123	0	0	0	1	0	0
fsh-generated/resources/StructureDefinition-fr-lm-structure-conservation.json	3209	9	0	14	0	0	0	0	0	11	0	0	0	0	0	0	0	0	0	0	27	113	0	0	0	1	0	0
fsh-generated/resources/StructureDefinition-fr-lm-sujet-non-humain.json	1636	9	0	14	0	0	0	0	0	10	0	0	0	0	0	0	0	0	0	0	18	110	0	0	0	0	0	0
fsh-generated/resources/StructureDefinition-fr-lm-supporting-information.json	5702	9	0	15	0	0	0	0	0	14	0	0	0	0	0	0	0	0	0	0	53	124	0	0	0	2	0	1
fsh-generated/resources/StructureDefinition-fr-lm-synthese-medicale-sejour.json	2249	9	0	14	0	0	0	0	0	11	0	0	0	0	0	0	0	0	0	0	31	121	0	0	0	1	0	0
fsh-generated/resources/StructureDefinition-fr-lm-technique-imagerie.json	4124	9	0	16	0	0	0	0	0	14	0	0	0	0	0	0	0	0	0	0	59	139	0	0	0	2	0	0
fsh-generated/resources/StructureDefinition-fr-lm-traitements-administres.json	2049	8	0	15	0	0	0	0	0	12	0	0	0	0	0	0	0	0	0	0	26	115	0	0	0	0	0	0
fsh-generated/resources/StructureDefinition-fr-lm-transfusion-accidents.json	1871	9	0	14	0	0	0	0	0	11	0	0	0	0	0	0	0	0	0	0	28	120	0	0	0	1	0	0
fsh-generated/resources/StructureDefinition-fr-lm-transfusion-de-produits-sanguins.json	1964	9	0	15	0	0	0	0	0	11	0	0	0	0	0	0	0	0	0	0	29	122	0	0	0	1	0	0
fsh-generated/resources/StructureDefinition-fr-lm-travel-history.json	1800	9	0	14	0	0	0	0	0	12	0	0	0	0	0	0	0	0	0	0	27	119	0	0	0	1	0	0
fsh-generated/resources/StructureDefinition-fr-lm-validateur.json	2409	9	0	14	0	0	0	0	0	11	0	0	0	0	0	0	0	0	0	0	24	110	0	1	0	1	0	0
fsh-generated/resources/StructureDefinition-fr-lm-vital-signs.json	1866	8	0	14	0	0	0	0	0	11	0	0	0	0	0	0	0	0	0	0	27	115	0	0	0	1	0	0
fsh-generated/resources/StructureDefinition-fr-location-document.json	2439	9	0	22	0	0	0	0	0	20	0	0	1	0	0	0	0	1	0	0	168	198	0	0	0	7	0	1
fsh-generated/resources/StructureDefinition-fr-media-document.json	6666	9	0	31	1	0	0	0	1	31	0	0	0	0	0	0	0	0	0	0	261	351	0	0	0	9	0	1
fsh-generated/resources/StructureDefinition-fr-medication-administration-document.json	7790	10	0	23	0	0	0	0	0	22	0	0	0	0	0	0	0	1	0	0	156	289	0	0	0	6	0	0
fsh-generated/resources/StructureDefinition-fr-medication-administration-sequence-extension.json	1992	8	0	13	0	0	0	0	0	20	0	0	0	0	0	0	0	0	0	0	26	179	0	0	0	1	0	0
fsh-generated/resources/StructureDefinition-fr-medication-dispense-document.json	4714	9	0	27	0	0	0	0	0	36	0	0	0	0	0	0	0	0	0	0	191	289	0	0	0	8	0	1
fsh-generated/resources/StructureDefinition-fr-medication-document.json	5601	10	0	116	0	0	0	0	0	244	0	0	0	0	0	0	0	0	0	0	141	250	0	0	0	5	0	1
fsh-generated/resources/StructureDefinition-fr-medication-request-document.json	20256	9	0	65	0	0	0	0	0	49	0	0	0	0	0	0	0	1	0	0	465	548	0	0	0	17	0	1
fsh-generated/resources/StructureDefinition-fr-medication-statement-document.json	7834	10	0	40	0	0	0	0	0	28	0	0	0	0	0	0	0	1	0	0	180	291	0	0	0	7	0	0
fsh-generated/resources/StructureDefinition-fr-method-extension.json	2021	9	0	18	0	0	0	0	0	11	0	0	0	0	0	0	0	0	0	0	27	167	0	0	0	2	0	1
fsh-generated/resources/StructureDefinition-fr-not-covered-extension.json	1821	9	0	14	0	0	0	0	0	14	0	0	0	0	0	0	0	0	0	0	28	119	0	0	0	0	0	0
fsh-generated/resources/StructureDefinition-fr-number-of-frames-extension.json	1590	8	0	14	0	0	0	0	0	11	0	0	0	0	0	0	0	0	0	0	25	130	0	0	0	1	0	0
fsh-generated/resources/StructureDefinition-fr-observation-administration-blood-derivatives-document.json	6063	10	0	44	0	0	0	0	1	32	0	0	0	0	0	0	0	0	0	0	216	770	0	0	0	9	0	0
fsh-generated/resources/StructureDefinition-fr-observation-antenatal-testing-surveillance-battery-document.json	3468	9	0	45	0	0	0	0	0	23	0	0	0	0	0	0	0	1	0	0	196	365	0	1	0	8	0	1
fsh-generated/resources/StructureDefinition-fr-observation-birth-event-document.json	3335	8	0	41	1	0	0	0	0	21	0	0	0	0	0	0	0	0	0	0	157	306	0	0	0	7	0	1
fsh-generated/resources/StructureDefinition-fr-observation-blood-product-transfusion-document.json	6214	10	0	47	0	0	0	0	0	25	0	0	0	0	0	0	0	1	0	0	232	262	0	0	0	10	0	1
fsh-generated/resources/StructureDefinition-fr-observation-contra-indications-document.json	6370	9	0	46	0	0	0	0	0	27	0	0	0	0	0	0	0	0	0	0	235	695	0	0	0	9	0	0
fsh-generated/resources/StructureDefinition-fr-observation-laboratory-report-results-document.json	18234	10	0	74	0	0	0	0	0	136	0	0	1	0	0	0	0	1	0	0	536	1182	0	0	0	20	1	2
fsh-generated/resources/StructureDefinition-fr-observation-medical-summary-document.json	6174	9	0	46	0	0	0	0	0	26	0	0	0	0	0	0	0	1	0	0	233	239	0	0	0	16	0	1
fsh-generated/resources/StructureDefinition-fr-observation-microorganism-detection-document.json	6072	9	0	45	0	0	0	0	0	26	0	0	0	0	0	0	0	0	0	0	217	230	0	0	0	9	0	1
fsh-generated/resources/StructureDefinition-fr-observation-multiresistant-microorganism-document.json	6083	9	0	45	0	0	0	0	0	23	0	0	0	0	0	0	0	1	0	0	215	235	0	0	0	9	0	1
fsh-generated/resources/StructureDefinition-fr-observation-pain-score-document.json	3585	9	0	24	0	0	0	0	0	19	0	0	0	0	0	0	0	0	0	0	171	219	0	0	0	8	0	1
fsh-generated/resources/StructureDefinition-fr-observation-pregnancy-document.json	6453	9	0	27	0	0	0	0	1	23	0	0	0	0	0	0	0	1	0	0	216	480	0	1	0	8	0	0
fsh-generated/resources/StructureDefinition-fr-observation-pregnancy-history-document.json	2689	9	0	38	0	0	0	0	0	18	0	0	0	0	0	0	0	0	0	0	156	198	0	0	0	7	0	1
fsh-generated/resources/StructureDefinition-fr-observation-radiation-exposure-document.json	8774	9	0	46	0	0	0	0	0	28	0	0	0	0	0	0	0	1	0	0	250	262	0	0	0	10	0	1
fsh-generated/resources/StructureDefinition-fr-observation-result-document.json	6539	9	0	44	0	0	0	0	0	23	0	0	0	0	0	0	0	0	0	0	220	250	0	0	0	9	0	1
fsh-generated/resources/StructureDefinition-fr-observation-social-history-document.json	3320	9	0	40	0	0	0	0	0	19	0	0	0	0	0	0	0	1	0	0	159	346	0	0	0	7	0	0
fsh-generated/resources/StructureDefinition-fr-observation-survey-document.json	12191	10	0	65	0	0	0	0	0	40	0	0	0	0	0	0	0	1	0	0	428	651	0	0	0	16	0	2
fsh-generated/resources/StructureDefinition-fr-observation-survey-pannel-document.json	2355	9	0	39	0	0	0	0	0	17	0	0	0	0	0	0	0	0	0	0	149	189	0	0	0	6	0	1
fsh-generated/resources/StructureDefinition-fr-observation-transfusion-accidents-document.json	5967	9	0	37	1	0	0	0	0	23	0	0	1	0	0	0	0	0	0	0	215	230	0	0	0	8	0	0
fsh-generated/resources/StructureDefinition-fr-observation-vital-signs-document.json	4683	9	0	43	0	0	0	0	0	24	0	0	0	0	0	0	0	1	0	0	228	517	0	0	0	10	0	1
fsh-generated/resources/StructureDefinition-fr-observation-vital-signs-panel-document.json	3468	9	0	40	0	0	0	0	0	24	0	0	0	0	0	0	0	1	0	0	223	265	0	0	0	9	0	1
fsh-generated/resources/StructureDefinition-fr-observation-work-related-accident-document.json	6078	9	0	26	0	0	0	0	0	23	0	0	0	0	0	0	0	0	0	0	215	230	0	1	0	9	0	1
fsh-generated/resources/StructureDefinition-fr-organization-document.json	1360	9	0	36	0	0	0	0	0	32	0	0	0	0	0	0	0	1	0	0	369	386	0	0	0	13	1	2
fsh-generated/resources/StructureDefinition-fr-patient-document.json	663	8	0	28	0	0	0	0	0	24	0	0	0	0	0	0	0	1	0	0	235	297	0	0	0	9	0	1
fsh-generated/resources/StructureDefinition-fr-patient-history-extension.json	2125	9	0	14	0	0	0	0	0	11	0	0	0	0	0	0	0	0	0	0	27	123	0	0	0	1	0	0
fsh-generated/resources/StructureDefinition-fr-patient-ins-document.json	2407	9	0	33	0	0	0	0	1	31	0	0	0	0	0	0	0	1	0	0	319	354	0	0	0	12	0	2
fsh-generated/resources/StructureDefinition-fr-performer-event-extension.json	2029	9	0	15	0	0	0	0	0	13	0	0	0	0	0	0	0	0	0	0	44	136	0	0	0	2	0	0
fsh-generated/resources/StructureDefinition-fr-practitioner-document.json	2538	8	0	42	0	0	0	0	0	39	0	0	0	0	0	0	0	2	0	0	429	985	0	0	0	15	0	3
fsh-generated/resources/StructureDefinition-fr-practitionerRole-document.json	3088	9	0	95	0	0	0	0	0	23	0	0	1	0	0	0	0	0	0	0	213	262	0	0	0	8	0	0
fsh-generated/resources/StructureDefinition-fr-pregnancy-history-document.json	2200	9	0	20	0	0	0	0	0	16	0	0	0	0	0	0	0	1	0	0	86	164	0	0	0	3	0	1
fsh-generated/resources/StructureDefinition-fr-procedure-difficulty-extension.json	1518	9	0	15	0	0	0	0	2	11	0	0	0	0	0	0	0	0	0	0	25	115	0	0	0	1	0	0
fsh-generated/resources/StructureDefinition-fr-procedure-document.json	13213	10	0	38	0	0	0	0	0	35	0	0	0	0	0	0	0	1	0	0	391	354	0	0	0	14	0	1
fsh-generated/resources/StructureDefinition-fr-procedure-imaging-document.json	6581	9	0	81	0	0	0	0	0	27	0	0	0	0	0	0	0	0	0	0	193	229	0	0	0	7	0	1
fsh-generated/resources/StructureDefinition-fr-procedure-priority-extension.json	1640	8	0	27	0	0	0	0	0	11	0	0	0	0	0	0	0	0	0	0	26	127	0	0	0	1	0	0
fsh-generated/resources/StructureDefinition-fr-related-person-document.json	2061	9	0	36	0	0	0	0	0	18	0	0	0	0	0	0	0	0	0	0	143	189	0	0	0	6	0	1
fsh-generated/resources/StructureDefinition-fr-service-request-document.json	6818	9	0	48	0	0	0	0	0	25	0	0	0	0	0	0	0	1	0	0	223	247	0	1	0	8	1	1
fsh-generated/resources/StructureDefinition-fr-specimen-document.json	5483	9	0	42	0	0	0	0	0	20	0	0	0	0	0	0	0	0	0	0	176	256	0	0	0	7	0	0
fsh-generated/resources/StructureDefinition-fr-status-reason-extension.json	1436	9	0	26	0	0	0	0	0	11	0	0	0	0	0	0	0	0	0	0	25	116	0	0	0	1	0	0
fsh-generated/resources/StructureDefinition-fr-study-instance-uid-identifier-document.json	1086	9	0	22	0	0	0	0	0	12	0	0	0	0	0	0	0	1	0	0	54	139	0	0	0	2	0	0
fsh-generated/resources/StructureDefinition-fr-task-patient-transport-document.json	5700	9	0	54	0	0	0	0	0	744	0	0	0	0	0	0	0	0	0	0	289	432	0	0	0	9	0	2
fsh-generated/resources/ValueSet-fr-doc-vs-participation-type.json	790	9	0	0	0	0	0	0	0	589	0	0	0	0	0	0	0	0	0	1	8	61	0	0	0	1	0	0
fsh-generated/resources/ValueSet-fr-doc-vs-role-prise-charge.json	683	9	0	0	0	0	0	0	0	29	0	0	0	0	0	0	0	0	0	0	5	76	0	0	0	0	0	0
fsh-generated/resources/ValueSet-fr-valueset-code-traitement.json	684	8	0	0	0	0	0	0	1	91	0	0	0	0	0	0	0	0	0	0	5	53	0	0	0	0	0	0
fsh-generated/resources/ValueSet-fr-valueset-reference-externe.json	648	9	0	0	1	0	0	0	0	18	0	0	0	0	0	0	0	0	0	0	5	40	0	0	0	1	0	0
fsh-generated/resources/ValueSet-fr-valueset-status-code.json	1018	9	0	0	0	0	0	0	0	1037	0	0	0	0	0	0	0	0	0	0	5	1482	0	0	0	0	0	0
fsh-generated/resources/ValueSet-fr-valueset-statut-du-probleme.json	724	9	0	0	0	0	0	0	0	10	0	0	0	0	0	0	0	0	0	0	5	30	0	0	0	0	0	0
fsh-generated/resources/ValueSet-fr-valueset-type-vaccination.json	711	8	0	0	0	0	0	0	0	10	0	0	0	0	0	0	0	0	0	0	4	26	0	0	0	0	0	0
fsh-generated/resources/ValueSet-fr-vs-actor-type-document.json	719	9	0	0	0	0	0	0	0	14	0	0	0	0	0	0	0	0	0	0	9	27	0	0	0	0	0	0
fsh-generated/resources/ValueSet-fr-vs-allergy-code.json	1170	9	0	0	0	0	0	0	0	187	0	0	0	0	0	0	0	0	0	0	7	890	0	0	0	1	0	0
fsh-generated/resources/ValueSet-fr-vs-allergy-intolerance-type-document.json	1099	9	0	0	0	0	0	0	0	203	0	0	0	0	0	0	0	0	0	0	7	23	0	0	0	0	0	0
fsh-generated/resources/ValueSet-fr-vs-allergy-substance.json	516	8	0	0	0	0	0	0	0	10	0	0	0	0	0	0	0	0	0	0	4	599	0	0	0	0	0	0
fsh-generated/resources/ValueSet-fr-vs-edqm-document.json	667	9	0	0	0	0	0	0	1	213	0	0	0	0	0	0	0	0	0	0	4	324	0	0	0	0	0	0
fsh-generated/resources/ValueSet-fr-vs-evaluation-type.json	606	9	0	0	0	0	0	0	0	11	0	0	0	0	0	0	0	0	0	0	5	58	0	0	0	0	0	0
fsh-generated/resources/ValueSet-fr-vs-medication-translation-document.json	890	8	0	0	0	0	0	0	0	370	0	0	0	0	0	0	0	0	0	0	6	269	0	0	0	0	0	0
fsh-generated/resources/ValueSet-fr-vs-procedure-code.json	1065	9	0	0	0	0	0	0	0	385	0	0	0	0	0	0	0	0	0	0	6	459	0	0	0	1	0	0
fsh-generated/resources/ValueSet-fr-vs-result-type-document.json	1011	9	0	0	0	0	0	0	0	215	0	0	0	0	0	0	0	1	0	0	5	199	0	0	0	0	0	0
input/resources/BIO-CR-BIO-2024.01-Microbiologie-V1.xml	203367	89	0	0	0	0	0	0	4	0	0	0	0	0	0	0	0	1	0	0	228	123	0	0	0	0	0	0
input/resources/BIO-CR-BIO-2024.01-glycemie-mole.xml	133312	37	0	0	0	0	0	0	2	0	0	0	0	0	0	0	0	1	0	0	163	48	0	0	0	0	0	0
input/resources/IPS-FR-2024.01.xml	1507918	163	0	0	0	0	0	0	13	0	0	0	0	0	0	0	0	2	0	0	1755	286	0	0	0	0	0	1
input/resources/LDL-SES-2022.01.xml	76644	44	0	0	0	0	0	0	3	0	0	0	0	0	0	0	0	0	0	0	65	40	0	0	0	0	0	0
input/resources/eDISP-MED-2024.01.xml	66870	36	0	0	0	0	0	0	3	0	0	0	0	0	0	0	0	1	0	0	48	35	0	0	0	0	0	0
input/resources/eP-MED-DM-2024.01-PosoNonStruct.xml	211712	47	0	0	0	0	0	0	3	0	0	0	0	0	0	0	0	0	0	0	291	64	0	0	0	0	0	1
input/resources/eP-MED-DM-2024.01-PosoStruct.xml	227489	52	0	0	0	0	0	0	5	0	0	0	0	0	0	0	0	1	0	0	251	61	0	0	0	0	0	0
/fsh-generated/includes/fsh-link-references.md	47113	-	-	-	0	0	0	0	0	0	0	0	0	0	0	0	0	0	0	0	0	2	0	0	0	0	0	0
/fsh-generated/includes/menu.xml	4395	-	-	-	0	0	0	0	0	0	0	0	0	0	0	0	0	0	0	0	0	0	0	0	0	0	0	0
/input/data/features.yml	172	-	-	-	0	0	0	0	0	0	0	0	0	0	0	0	0	0	0	0	0	0	0	0	0	0	0	0
/input/pagecontent/index.md	4614	-	-	-	0	0	0	0	0	0	0	0	0	0	0	0	0	0	0	0	0	0	0	0	0	0	0	0
/input/pagecontent/ressourcesFHIR-entete.md	651	-	-	-	0	0	0	0	0	0	0	0	0	0	0	0	0	0	0	0	0	4	0	0	0	0	0	0
/input/pagecontent/autres_ressources.md	152	-	-	-	0	0	0	0	0	0	0	0	0	0	0	0	0	0	0	0	0	0	0	0	0	0	0	0
/input/pagecontent/ressourcesCDA-corps.md	1304	-	-	-	0	0	0	0	0	0	0	0	0	0	0	0	0	0	0	0	0	9	0	0	0	0	0	0
/input/pagecontent/mappingCDA-FHIR-struc-gen.md	6876	-	-	-	0	0	0	0	0	0	0	0	0	0	0	0	0	0	0	0	0	0	0	0	0	0	0	0
/input/pagecontent/securite.md	900	-	-	-	0	0	0	0	0	0	0	0	0	0	0	0	0	0	0	0	0	0	0	0	0	0	0	0
/input/pagecontent/downloads.md	1012	-	-	-	0	0	0	0	0	0	0	0	0	0	0	0	0	0	0	0	0	0	0	0	0	0	0	0
/input/pagecontent/exigencesSpecifiques.md	5319	-	-	-	0	0	0	0	0	0	0	0	0	0	0	0	0	0	0	0	0	0	0	0	0	0	0	0
/input/pagecontent/structureGenerale.md	138	-	-	-	0	0	0	0	0	0	0	0	0	0	0	0	0	0	0	0	0	0	0	0	0	0	0	0
/input/pagecontent/corpsDocument.md	196	-	-	-	0	0	0	0	0	0	0	0	0	0	0	0	0	0	0	0	0	0	0	0	0	0	0	0
/input/pagecontent/ressourcesFHIR-struc-gen.md	29307	-	-	-	0	0	0	0	0	0	0	0	0	0	0	0	0	0	0	0	0	1	0	0	0	0	0	0
/input/pagecontent/mappingCDA-FHIR-corps.md	7042	-	-	-	0	0	0	0	0	0	0	0	0	0	0	0	0	0	0	0	0	72	0	0	0	0	0	0
/input/pagecontent/ressourcesCDA-struc-gen.md	34121	-	-	-	0	0	0	0	0	0	0	0	0	0	0	0	0	0	0	0	0	0	0	0	0	0	0	0
/input/pagecontent/ressourcesCDA-entete.md	8988	-	-	-	0	0	0	0	0	0	0	0	0	0	0	0	0	0	0	0	0	1	0	0	0	0	0	0
/input/pagecontent/ressourcesFHIR-corps.md	1735	-	-	-	0	0	0	0	0	0	0	0	0	0	0	0	0	0	0	0	0	2	0	0	0	0	0	0
/input/pagecontent/StructureDefinition-Auteur-intro.md	788	-	-	-	0	0	0	0	0	0	0	0	0	0	0	0	0	0	0	0	0	0	0	0	0	0	0	0
/input/pagecontent/introduction.md	895	-	-	-	0	0	0	0	0	0	0	0	0	0	0	0	0	0	0	0	0	0	0	0	0	0	0	0
/input/pagecontent/enteteDocument.md	197	-	-	-	0	0	0	0	0	0	0	0	0	0	0	0	0	0	0	0	0	0	0	0	0	0	0	0
/input/pagecontent/mappingCDA-FHIR-entete.md	4538	-	-	-	0	0	0	0	0	0	0	0	0	0	0	0	0	0	0	0	0	16	0	0	0	0	0	0
/template/config	0	-	-	-	0	0	0	0	0	0	0	0	0	0	0	0	0	0	0	0	0	0	0	0	0	0	0	0
/template/config/_config.yml	31	-	-	-	0	0	0	0	0	0	0	0	0	0	0	0	0	0	0	0	0	0	0	0	0	0	0	0
/input/images	0	-	-	-	0	0	0	0	0	0	0	0	0	0	0	0	0	0	0	0	0	0	0	0	0	0	0	0
/input/images/SchemaXMLCDAR2.png	426354	-	-	-	0	0	0	0	0	0	0	0	0	0	0	0	0	0	0	0	0	0	0	0	0	0	0	0
/input/images/anImage.png	36288	-	-	-	0	0	0	0	0	0	0	0	0	0	0	0	0	0	0	0	0	0	0	0	0	0	0	0
/input/images/EntryRelationshipRelationEntre2Eléments.png	14200	-	-	-	0	0	0	0	0	0	0	0	0	0	0	0	0	0	0	0	0	1	0	0	0	0	0	0
/input/images/FormesDocumentsCDA.png	200143	-	-	-	0	0	0	0	0	0	0	0	0	0	0	0	0	0	0	0	0	0	0	0	0	0	0	0
/input/images/ExempleRéférencementElémentCodé.png	37504	-	-	-	0	0	0	0	0	0	0	0	0	0	0	0	0	0	0	0	0	0	0	0	0	0	0	0
/input/images/ExempleRéférencementElémentNonCodé.png	79302	-	-	-	0	0	0	0	0	0	0	0	0	0	0	0	0	0	0	0	0	0	0	0	0	0	0	0
/input/images/ci-sis-logo.png	61365	-	-	-	0	0	0	0	0	0	0	0	0	0	0	0	0	0	0	0	0	0	0	0	0	0	0	0
/temp/pages/_includes/artifacts.xml	316712	-	-	-	-	-	-	-	-	-	-	-	-	-	-	-	-	-	-	-	-	3	0	0	0	0	0	0
